事件ID,一级赛道,二级事件,事件名称,事件时间,当前状态,重要程度,是否已被交易,是否存在预期差,主要影响方向,后续观察指标,备注
COPPER-2026-001,有色金属,铜,铜价高位与库存迁移叠加AI数据中心/电网用铜需求验证,2026-06-17,进行中,★★★★★,部分交易,存在,铜矿资源端、铜冶炼龙头、铜加工、电力电缆和高压供配电材料企业,LME/SHFE/COMEX库存、SHFE持仓、国内电网投资、AI数据中心开工与并网节奏,市场已经交易铜价高位，真正预期差在库存是否继续去化、AI/电网需求是否兑现。
LI-2026-001,有色金属,锂,储能需求改善锂供需预期，碳酸锂从低位修复转入订单验证,2026-06-17,进行中,★★★★,部分交易,存在,锂矿、锂盐厂、LFP正极和储能电芯企业,碳酸锂现货/期货价格、锂盐社会库存、储能电芯排产、国内大储招标,2026-07-08 A级更新：盛新锂能H1扭亏为盈(净利10~12亿元)，受益全球新能源快速发展，锂盐产品销售价格较上年同期大幅上涨，印尼锂盐工厂产能大幅释放，量价齐升，印证锂盐从低位修复的核心逻辑。来源：上市公司公告(A级)。
RARE-2026-001,有色金属,稀土,稀土相关管制暂停窗口下的许可证、补库和再管制预期观察,2026-06-17,观察级,★★★★,部分交易,存在,稀土资源、分离冶炼、钕铁硼磁材和电机供应链,商务部后续公告、稀土出口量、海外车企/工业电机补库、镨钕氧化物价格,61/62号公告被暂停实施至2026-11-10，不能简单写成管制持续强化；当前重点是政策不确定性与补库。
AL-2026-001,有色金属,铝,原铝产量低速增长，汽车轻量化和光伏支架需求支撑铝链条,2026-06-17,观察级,★★★,初步交易,弱存在,电解铝、再生铝、铝型材、汽车轻量化和光伏支架供应商,原铝产量、电解铝库存、氧化铝价格、电力成本、汽车/光伏装机数据,铝更偏成本和供给约束逻辑，弹性弱于铜锡钨等强事件品种。
NICO-2026-001,有色金属,镍钴,三元电池链条弱修复但镍库存与LFP替代仍压制弹性,2026-06-17,观察级,★★★,充分交易,弱存在,镍资源、钴资源、三元前驱体、高镍三元正极材料企业,镍/钴库存、印尼镍供应、三元电池装机占比、海外高端EV路线,暂不作为强催化，适合保留为反转观察项。
STOR-LFP-2026-001,电池储能,磷酸铁锂,中国能建30GWh磷酸铁锂储能系统集采推动大储订单验证,2026-06-17,进行中,★★★★★,部分交易,存在,LFP电芯厂、储能系统集成商、PCS、温控和消防供应商,央国企储能集采GWh、中标价格、并网进度、系统毛利率,2026-07-08 A级更新：德业股份H1净利润+75%(26.68~27.28亿元)，欧洲/中东/东南亚户用及工商业储能需求显著释放，实现销售放量。注：德业主营海外户用储能，非本事件核心的国内大储LFP集采，但印证全球储能需求强劲，对电芯出货量有正向支撑。来源：上市公司公告(A级)。
STOR-SODIUM-2026-001,电池储能,钠离子,钠离子电池从概念转入储能示范和订单商业化验证,2026-06-17,观察级,★★★★,初步交易,存在,钠电电芯、正负极材料、电解液和储能集成企业,钠电项目交付、循环寿命、单位Wh成本、LFP价差、量产良率,钠电尚未替代LFP，只有大规模交付和成本优势明确才会形成持续产业事件。
STOR-VRFB-2026-001,电池储能,全钒液流,长时储能示范项目推动全钒液流进入GWh级复制观察,2026-06-17,进行中,★★★★,初步交易,存在,钒资源、钒电解液、液流电池电堆和长时储能系统商,4小时以上储能招标、钒价、电解液租赁模式、示范项目运行数据,液流电池适合长时储能，弹性取决于项目复制速度和钒价成本压力。
SOLAR-2026-001,绿能,光伏装机,1—4月太阳能装机同比高增，低组件价格利好电站投资方,2026-06-17,进行中,★★★★,部分交易,存在,光伏电站运营商、EPC、逆变器、支架和储能配套企业,国家能源局月度新增装机、组件价格、消纳率、绿电交易电价,制造端供给过剩仍压制利润，装机数据更利好运营端和辅材端。
SOLAR-INV-2026-001,绿能,光伏逆变器,欧盟限制公共资金支持中国逆变器项目，海外逆变器和PCS面临政策扰动,2026-06-17,进行中,★★★★,初步交易,存在,海外逆变器、储能PCS、欧洲本地化产能和非敏感渠道企业,欧盟安全审查、成员国执行细则、欧洲订单延期、渠道库存,偏风险事件；可能压制中国逆变器欧洲新增项目，但也可能推动本地化和非欧市场转移。
WIND-2026-001,绿能,风电,风电装机保持增长但低风速扰动发电兑现，迎峰度夏窗口需验证,2026-06-17,观察级,★★★,初步交易,存在,风电运营商、整机、叶片、塔筒、海缆和轴承企业,风速数据、风电发电量、弃风率、海风招标和项目开工,短期更影响运营端发电量；设备端要看招标和开工。
HYDRO-2026-001,绿能,水电,5月水电发电同比高增，迎峰度夏期间防守属性增强,2026-06-17,进行中,★★★★,部分交易,存在,大型水电运营商、流域梯级电站、抽水蓄能运营商,来水情况、水库水位、外送电量、火电替代强度,偏防守与现金流逻辑，弹性取决于来水持续性和电价机制。
HYDROGEN-2026-001,绿能,氢能,绿氢从规划示范转向工业消纳场景验证,2026-06-17,观察级,★★★,未交易,存在,电解槽、制氢装备、绿氢消纳和化工园区综合能源服务商,绿氢项目核准、合成氨/甲醇订单、电解槽价格、补贴细则,氢能仍处验证阶段，真实消纳比规划规模更重要。
MINOR-TIN-2026-001,小金属,锡,AI服务器、先进封装和光模块焊料拉动锡的算力金属重估,2026-06-17,进行中,★★★★★,部分交易,存在,锡矿资源、锡冶炼、高纯锡焊料和电子材料供应商,LME/SHFE锡库存、锡价、AI服务器/HBM/光模块出货、缅甸矿端供应,锡价已涨幅较大，后续重点是库存和需求验证，防止高位拥挤。
MINOR-W-2026-001,小金属,钨,钨价高位传导至高端刀具、光伏钨丝和半导体六氟化钨链条,2026-06-17,进行中,★★★★,部分交易,存在,钨矿、APT、钨粉、硬质合金、高端刀具和电子特气材料企业,钨精矿/APT/钨粉价格、出口许可、硬质合金订单、半导体材料需求,钨的供给刚性和出口管制已经交易，预期差在价格向下游传导能力。
MINOR-SB-2026-001,小金属,锑,锑出口管制与光伏玻璃/阻燃剂需求共同支撑价格中枢,2026-06-17,进行中,★★★★,部分交易,存在,锑资源、锑品冶炼、阻燃剂和光伏玻璃材料企业,锑锭价格、出口许可证、光伏玻璃开工、阻燃剂需求,出口管制不是新事件，关注内外价差、许可证和下游承受力。
MINOR-GEIN-2026-001,小金属,镓锗铟,AI光通信、红外和化合物半导体需求推升稀散金属关注度,2026-06-17,进行中,★★★★,部分交易,存在,镓锗铟回收、化合物半导体、光通信材料和红外材料企业,镓/锗/铟价格、出口许可、光模块需求、海外补库,2026-07-08 A级更新：株冶集团H1净利润+173%~276%(16~22亿元)，主因稀贵金属(铟/铅/银)和硫酸价格同比上涨，精细化管理降本。株冶是国内铟/锗的重要来源之一，业绩大幅增长印证稀散金属价格高位运行的核心逻辑，与SEMI-2026-005(铟出口审查)形成价格+管制双重支撑验证。来源：上市公司公告(A级)。
MACH-EXPORT-2026-001,工业机械,工程机械出口,挖掘机和装载机1—5月销量高增，出口链条维持景气,2026-06-17,进行中,★★★★,部分交易,存在,工程机械整机、液压件、底盘件和海外渠道型企业,挖掘机/装载机出口销量、海外经销商库存、汇率、主要市场基建周期,出口仍是核心变量，国内修复提供辅助。
MACH-ELECTRIC-2026-001,工业机械,电动工程机械,电动装载机渗透率快速提升，工程机械电动化进入订单验证,2026-06-17,超预期,★★★★,初步交易,存在,电动装载机整机、电池包、电驱动、矿山港口场景设备供应商,电动装载机销量、出口、矿山/港口采购、电池成本,电动装载机1—5月销量同比高增，需跟踪是否从国内场景走向海外复制。
MACH-MOTHER-2026-001,工业机械,工业母机,数控机床和自动化核心部件产量高增，工业母机景气度改善,2026-06-17,进行中,★★★★★,初步交易,存在,高端数控机床、数控系统、主轴、刀具、工业自动化部件企业,数控机床产量、数控系统国产化率、航空航天/汽车订单、设备更新落地,工业母机是机械板块里最接近政策+国产替代+需求验证的方向。
MACH-RENEW-2026-001,工业机械,设备更新,大规模设备更新政策继续推进，工业设备替换需求进入订单落地期,2026-06-17,进行中,★★★★,部分交易,存在,机床、检测设备、自动化产线、节能设备和工业软件供应商,专项资金、地方项目清单、制造业资本开支、订单公告,政策不是新概念，预期差在资金落地和中小企业覆盖面。
BANK-DIV-2026-001,银行,高股息分红,上市银行年度分红密集落地，中期分红常态化增强类固收属性,2026-06-17,进行中,★★★★,充分交易,弱存在,大型银行、优质城商行、低估值高分红银行,股息率、分红率、险资增持、十年期国债收益率,银行红利逻辑已充分交易，短期更多是防守配置而非新弹性。
BANK-NIM-2026-001,银行,净息差,商业银行净息差降至1.40%，负债成本压降成为盈利修复关键,2026-06-17,进行中,★★★★,部分交易,存在,低负债成本银行、存款基础强银行、资产质量稳健银行,商业银行净息差、存款挂牌利率、贷款收益率、不良率,息差下探带来业绩压力，预期差在存款成本下降速度和资产质量分化。
SEC-MA-2026-001,证券,券商并购,中金吸收合并东兴证券和信达证券股东会通过，券商整合进入监管核准阶段,2026-06-17,进行中,★★★★★,部分交易,存在,头部券商、区域券商、投行业务和财富管理能力强的券商,监管核准进度、债权人申报、整合协同、投行业务收入,券商并购主题已交易，但审批进度和后续整合仍有事件弹性。
SEC-REFORM-2026-001,证券,资本市场改革,陆家嘴论坛释放并购重组、再融资、主动ETF和REITs改革信号,2026-06-17,进行中,★★★★,初步交易,存在,投行业务券商、并购财顾、资管机构、基金公司和交易所生态服务商,并购审核速度、再融资规则修订、主动ETF落地、市场成交额,政策方向明确，交易弹性取决于成交额和风险偏好回升。
PHARMA-ASCO-2026-001,创新药,临床数据,2026 ASCO中国创新药数据集中披露，ADC/双抗等平台型资产进入再定价,2026-06-17,已兑现,★★★★,部分交易,存在,肿瘤创新药、ADC、双抗、CAR-T和全球多中心临床企业,ASCO后BD进展、三期数据、FDA沟通、海外合作首付款,ASCO已结束，后续不能只看数据展示，要看BD和注册路径。
PHARMA-BD-2026-001,创新药,BD出海,MNC专利悬崖推动中国创新药License-out继续活跃,2026-06-17,进行中,★★★★★,部分交易,存在,具备全球权益管线的Biotech、ADC平台、双抗平台和自免/代谢病创新药企业,首付款规模、权益范围、里程碑兑现、海外临床推进,2026-07-08 A级更新：海思科H1净利润+513%~575%(7.9~8.7亿元)，创新药国内销售持续快速增长，同时签署多个产品对外授权合同并收到首付款，实现较大金额授权收入，直接印证BD出海首付款变现逻辑。来源：上市公司公告(A级)。
PHARMA-PAY-2026-001,创新药,支付端,首版商保创新药目录实施，创新药支付体系从医保单一支付走向医保+商保补充,2026-06-17,进行中,★★★★,初步交易,存在,高临床价值创新药、罕见病药、CAR-T和阿尔茨海默症药物企业,商保目录扩容、保险赔付、医院处方量、患者自付比例,支付端是创新药放量的中期变量，短期要看真实赔付和处方转化。
PHARMA-NRDL-2026-001,创新药,医保目录,医保目录续约和支付标准再平衡影响创新药放量与价格预期,2026-06-17,预热中,★★★,初步交易,存在,医保谈判药、竞价药、院内渠道强的创新药企业,医保续约结果、支付标准、院内准入、销量环比变化,不是创新药普涨逻辑，需要区分放量受益和降价受压品种。
EXPRESS-2026-001,消费/快递,快递板块业绩底部拐点,圆通中报+77.5%大超预期，快递反内卷框架下量利齐升，板块PE处于历史底部,2026H1验证，2026全年持续,中报超预期验证/底部布局窗口,★★★★,初步交易,是,头部快递龙头（圆通/中通），反内卷+降本双逻辑下量利齐升,圆通单票利润、中通市占率、反内卷监管底线执行、件量增速,圆通Q2归母净利17-20亿(中枢18.72亿/+92%)，市场预期15-16亿(+50-60%)，大幅超预期。反内卷框架：监管守价格底线→主动降价到成本价获份额→单票利润修复。圆通全年60-65亿预期，当前PE仅9x；中通全年110-115亿，PE仅10-11x，26年10亿美元回购。非科技防御方向中稀缺的业绩高确定性资产
PORK-2026-001,农业/养殖,猪周期底部确认,猪价10.2元/kg低于现金成本，天邦破产+中小猪场退出，新一轮周期底部信号明确,2026Q2底部，2026Q3-Q4潜在反转,底部确认/产能去化中,★★★,初步交易,是,存活的头部养殖企业（牧原/温氏/德康），行业出清后的集中度提升,全国生猪均价、能繁母猪存量、天邦破产进展、淘汰母猪数量、政策调控信号,猪价10.2元/kg，行业现金成本以下；仔猪价格160元/头亦深度亏损；天邦子公司破产重组；中小猪场持续退出；近期环保巡查加强产能去化。政策端：主动调控能繁母猪存量+严控集团出栏体重+严控二育。周期反转渐进，牧原股份估值处于历史底部
INNODRUG-2026-001,医药/创新药,创新药国际化+降息双催化,中国ADC全球领跑，AbbVie/辉瑞/礼来大BD落地，XBI新高+美联储降息预期利好板块估值,2026Q3-Q4,板块性机会/估值修复中,★★★★,部分交易,是,ADC龙头（科伦博泰/百利天恒）、出海大BD（恒瑞/信达）、TIGIT/PD-1（泽璟制药）,ESMO/ASCO数据读出、FDA审批进度、AbbVie合作落地、美联储降息时间节点、XBI指数走势,三重驱动：①中国ADC全球领跑，科伦博泰264有望改写FDA肺癌临床指南；②国内商保+医保全面支持，多个100亿大单品潜力；③美联储降息预期重燃+科技大跌→资金流入创新药防御。信达生物7个月3个超大BD，恒瑞420亿美元BD成果。当前持仓极低+极低估值，板块β大于α。科技调整期创新药是少数有独立逻辑的方向
LITHIUM-MAT-2026-001,新能源/锂电,锂电材料价格多环节启动,锂电材料多环节涨价共振：VC+负极+磷酸铁锂同步启动，Q3旺季叠加退税预期备货,2026Q2末启动，Q3持续,多环节涨价启动/Q3验证期,★★★★,部分交易,是,VC/碳酸亚乙烯酯（库存见底价格弹性大）、负极材料、磷酸铁锂（磷矿成为战略资源）,VC现货价格（当前16.5万/吨）、负极价格上调幅度、磷酸铁锂头部利用率、出口退税政策落地,VC已涨至16.5万/吨(6月+22%)，库存见底，后续需求Q3提升，价格中枢有望移至18-20万。负极：头部厂向大客户上调1000元/吨，首次涨价有标志性意义。磷酸铁锂：磷矿+锂写入国家战略矿产目录，成本中枢抬升。VC受益：华盛锂电/海科新源/永太科技；负极：尚太科技/璞泰来；LFP：富临精工/湖南裕能
