事件ID,观察周期,关键日期/窗口,观察指标,验证逻辑,可能结果,跟踪优先级,备注
COPPER-2026-001,未来30天,2026年6月下旬—7月中旬,LME/SHFE/COMEX库存、SHFE持仓、国内电网投资、AI数据中心开工与并网节奏,若价格强势伴随库存去化或出口/供给约束延续，则事件有效；若仅价格上涨而库存累积，则降级。,维持/上调/降级三档跟踪；重点看是否形成真实订单、价格传导或政策落地。,高,市场已经交易铜价高位，真正预期差在库存是否继续去化、AI/电网需求是否兑现。
LI-2026-001,未来30天,2026年6月下旬—7月中旬,碳酸锂现货/期货价格、锂盐社会库存、储能电芯排产、国内大储招标,若价格强势伴随库存去化或出口/供给约束延续，则事件有效；若仅价格上涨而库存累积，则降级。,维持/上调/降级三档跟踪；重点看是否形成真实订单、价格传导或政策落地。,高,锂价长期低迷不是新催化；预期差在储能增量能否消化供给。
RARE-2026-001,未来30天,2026年6月下旬—7月中旬,商务部后续公告、稀土出口量、海外车企/工业电机补库、镨钕氧化物价格,若价格强势伴随库存去化或出口/供给约束延续，则事件有效；若仅价格上涨而库存累积，则降级。,维持/上调/降级三档跟踪；重点看是否形成真实订单、价格传导或政策落地。,高,61/62号公告被暂停实施至2026-11-10，不能简单写成管制持续强化；当前重点是政策不确定性与补库。
AL-2026-001,未来30天,2026年6月下旬—7月中旬,原铝产量、电解铝库存、氧化铝价格、电力成本、汽车/光伏装机数据,若价格强势伴随库存去化或出口/供给约束延续，则事件有效；若仅价格上涨而库存累积，则降级。,维持/上调/降级三档跟踪；重点看是否形成真实订单、价格传导或政策落地。,中,铝更偏成本和供给约束逻辑，弹性弱于铜锡钨等强事件品种。
NICO-2026-001,未来30天,2026年6月下旬—7月中旬,镍/钴库存、印尼镍供应、三元电池装机占比、海外高端EV路线,若价格强势伴随库存去化或出口/供给约束延续，则事件有效；若仅价格上涨而库存累积，则降级。,维持/上调/降级三档跟踪；重点看是否形成真实订单、价格传导或政策落地。,中,暂不作为强催化，适合保留为反转观察项。
STOR-LFP-2026-001,未来30—60天,2026年6月—8月,央国企储能集采GWh、中标价格、并网进度、系统毛利率,若装机、招标、并网或订单数据继续兑现，事件维持；若中标价继续下探或消纳恶化，则降级。,维持/上调/降级三档跟踪；重点看是否形成真实订单、价格传导或政策落地。,高,重点不是招标规模本身，而是中标价格是否止跌、订单质量是否改善。
STOR-SODIUM-2026-001,未来30—60天,2026年6月—8月,钠电项目交付、循环寿命、单位Wh成本、LFP价差、量产良率,若装机、招标、并网或订单数据继续兑现，事件维持；若中标价继续下探或消纳恶化，则降级。,维持/上调/降级三档跟踪；重点看是否形成真实订单、价格传导或政策落地。,高,钠电尚未替代LFP，只有大规模交付和成本优势明确才会形成持续产业事件。
STOR-VRFB-2026-001,未来30—60天,2026年6月—8月,4小时以上储能招标、钒价、电解液租赁模式、示范项目运行数据,若装机、招标、并网或订单数据继续兑现，事件维持；若中标价继续下探或消纳恶化，则降级。,维持/上调/降级三档跟踪；重点看是否形成真实订单、价格传导或政策落地。,高,液流电池适合长时储能，弹性取决于项目复制速度和钒价成本压力。
SOLAR-2026-001,未来30—60天,2026年6月—8月,国家能源局月度新增装机、组件价格、消纳率、绿电交易电价,若装机、招标、并网或订单数据继续兑现，事件维持；若中标价继续下探或消纳恶化，则降级。,维持/上调/降级三档跟踪；重点看是否形成真实订单、价格传导或政策落地。,高,制造端供给过剩仍压制利润，装机数据更利好运营端和辅材端。
SOLAR-INV-2026-001,未来30—60天,2026年6月—8月,欧盟安全审查、成员国执行细则、欧洲订单延期、渠道库存,若装机、招标、并网或订单数据继续兑现，事件维持；若中标价继续下探或消纳恶化，则降级。,维持/上调/降级三档跟踪；重点看是否形成真实订单、价格传导或政策落地。,高,偏风险事件；可能压制中国逆变器欧洲新增项目，但也可能推动本地化和非欧市场转移。
WIND-2026-001,未来30—60天,2026年6月—8月,风速数据、风电发电量、弃风率、海风招标和项目开工,若装机、招标、并网或订单数据继续兑现，事件维持；若中标价继续下探或消纳恶化，则降级。,维持/上调/降级三档跟踪；重点看是否形成真实订单、价格传导或政策落地。,中,短期更影响运营端发电量；设备端要看招标和开工。
HYDRO-2026-001,未来30—60天,2026年6月—8月,来水情况、水库水位、外送电量、火电替代强度,若装机、招标、并网或订单数据继续兑现，事件维持；若中标价继续下探或消纳恶化，则降级。,维持/上调/降级三档跟踪；重点看是否形成真实订单、价格传导或政策落地。,高,偏防守与现金流逻辑，弹性取决于来水持续性和电价机制。
HYDROGEN-2026-001,未来30—60天,2026年6月—8月,绿氢项目核准、合成氨/甲醇订单、电解槽价格、补贴细则,若装机、招标、并网或订单数据继续兑现，事件维持；若中标价继续下探或消纳恶化，则降级。,维持/上调/降级三档跟踪；重点看是否形成真实订单、价格传导或政策落地。,中,氢能仍处验证阶段，真实消纳比规划规模更重要。
MINOR-TIN-2026-001,未来30天,2026年6月下旬—7月中旬,LME/SHFE锡库存、锡价、AI服务器/HBM/光模块出货、缅甸矿端供应,若价格强势伴随库存去化或出口/供给约束延续，则事件有效；若仅价格上涨而库存累积，则降级。,维持/上调/降级三档跟踪；重点看是否形成真实订单、价格传导或政策落地。,高,锡价已涨幅较大，后续重点是库存和需求验证，防止高位拥挤。
MINOR-W-2026-001,未来30天,2026年6月下旬—7月中旬,钨精矿/APT/钨粉价格、出口许可、硬质合金订单、半导体材料需求,若价格强势伴随库存去化或出口/供给约束延续，则事件有效；若仅价格上涨而库存累积，则降级。,维持/上调/降级三档跟踪；重点看是否形成真实订单、价格传导或政策落地。,高,钨的供给刚性和出口管制已经交易，预期差在价格向下游传导能力。
MINOR-SB-2026-001,未来30天,2026年6月下旬—7月中旬,锑锭价格、出口许可证、光伏玻璃开工、阻燃剂需求,若价格强势伴随库存去化或出口/供给约束延续，则事件有效；若仅价格上涨而库存累积，则降级。,维持/上调/降级三档跟踪；重点看是否形成真实订单、价格传导或政策落地。,高,出口管制不是新事件，关注内外价差、许可证和下游承受力。
MINOR-GEIN-2026-001,未来30天,2026年6月下旬—7月中旬,镓/锗/铟价格、出口许可、光模块需求、海外补库,若价格强势伴随库存去化或出口/供给约束延续，则事件有效；若仅价格上涨而库存累积，则降级。,维持/上调/降级三档跟踪；重点看是否形成真实订单、价格传导或政策落地。,高,交易弹性强但品种小，需警惕流动性和政策口径变化。
MACH-EXPORT-2026-001,未来30—90天,2026年6月—9月,挖掘机/装载机出口销量、海外经销商库存、汇率、主要市场基建周期,若出口销量、产量或设备更新订单延续高增，事件维持；若海外库存累积或订单回落，则降级。,维持/上调/降级三档跟踪；重点看是否形成真实订单、价格传导或政策落地。,高,出口仍是核心变量，国内修复提供辅助。
MACH-ELECTRIC-2026-001,未来30—90天,2026年6月—9月,电动装载机销量、出口、矿山/港口采购、电池成本,若出口销量、产量或设备更新订单延续高增，事件维持；若海外库存累积或订单回落，则降级。,维持/上调/降级三档跟踪；重点看是否形成真实订单、价格传导或政策落地。,高,电动装载机1—5月销量同比高增，需跟踪是否从国内场景走向海外复制。
MACH-MOTHER-2026-001,未来30—90天,2026年6月—9月,数控机床产量、数控系统国产化率、航空航天/汽车订单、设备更新落地,若出口销量、产量或设备更新订单延续高增，事件维持；若海外库存累积或订单回落，则降级。,维持/上调/降级三档跟踪；重点看是否形成真实订单、价格传导或政策落地。,高,工业母机是机械板块里最接近政策+国产替代+需求验证的方向。
MACH-RENEW-2026-001,未来30—90天,2026年6月—9月,专项资金、地方项目清单、制造业资本开支、订单公告,若出口销量、产量或设备更新订单延续高增，事件维持；若海外库存累积或订单回落，则降级。,维持/上调/降级三档跟踪；重点看是否形成真实订单、价格传导或政策落地。,高,政策不是新概念，预期差在资金落地和中小企业覆盖面。
BANK-DIV-2026-001,未来30—90天,2026年6月—9月,股息率、分红率、险资增持、十年期国债收益率,若分红、成交额、并购审批、再融资规则继续落地，事件维持；若成交缩量或政策低于预期，则降级。,维持/上调/降级三档跟踪；重点看是否形成真实订单、价格传导或政策落地。,中,银行红利逻辑已充分交易，短期更多是防守配置而非新弹性。
BANK-NIM-2026-001,未来30—90天,2026年6月—9月,商业银行净息差、存款挂牌利率、贷款收益率、不良率,若分红、成交额、并购审批、再融资规则继续落地，事件维持；若成交缩量或政策低于预期，则降级。,维持/上调/降级三档跟踪；重点看是否形成真实订单、价格传导或政策落地。,高,息差下探带来业绩压力，预期差在存款成本下降速度和资产质量分化。
SEC-MA-2026-001,未来30—90天,2026年6月—9月,监管核准进度、债权人申报、整合协同、投行业务收入,若分红、成交额、并购审批、再融资规则继续落地，事件维持；若成交缩量或政策低于预期，则降级。,维持/上调/降级三档跟踪；重点看是否形成真实订单、价格传导或政策落地。,高,券商并购主题已交易，但审批进度和后续整合仍有事件弹性。
SEC-REFORM-2026-001,未来30—90天,2026年6月—9月,并购审核速度、再融资规则修订、主动ETF落地、市场成交额,若分红、成交额、并购审批、再融资规则继续落地，事件维持；若成交缩量或政策低于预期，则降级。,维持/上调/降级三档跟踪；重点看是否形成真实订单、价格传导或政策落地。,高,政策方向明确，交易弹性取决于成交额和风险偏好回升。
PHARMA-ASCO-2026-001,未来30—120天,2026年6月—10月,ASCO后BD进展、三期数据、FDA沟通、海外合作首付款,若临床数据转化为BD、医保/商保支付转化为处方销量，事件维持；若仅停留在会议或目录层面，则降级。,维持/上调/降级三档跟踪；重点看是否形成真实订单、价格传导或政策落地。,高,ASCO已结束，后续不能只看数据展示，要看BD和注册路径。
PHARMA-BD-2026-001,未来30—120天,2026年6月—10月,首付款规模、权益范围、里程碑兑现、海外临床推进,若临床数据转化为BD、医保/商保支付转化为处方销量，事件维持；若仅停留在会议或目录层面，则降级。,维持/上调/降级三档跟踪；重点看是否形成真实订单、价格传导或政策落地。,高,重点看首付款质量和权益范围，不只看总交易金额。
PHARMA-PAY-2026-001,未来30—120天,2026年6月—10月,商保目录扩容、保险赔付、医院处方量、患者自付比例,若临床数据转化为BD、医保/商保支付转化为处方销量，事件维持；若仅停留在会议或目录层面，则降级。,维持/上调/降级三档跟踪；重点看是否形成真实订单、价格传导或政策落地。,高,支付端是创新药放量的中期变量，短期要看真实赔付和处方转化。
PHARMA-NRDL-2026-001,未来30—120天,2026年6月—10月,医保续约结果、支付标准、院内准入、销量环比变化,若临床数据转化为BD、医保/商保支付转化为处方销量，事件维持；若仅停留在会议或目录层面，则降级。,维持/上调/降级三档跟踪；重点看是否形成真实订单、价格传导或政策落地。,中,不是创新药普涨逻辑，需要区分放量受益和降价受压品种。
