事件ID,一级赛道,二级事件,产业链位置,受益方向,代表公司类型,弹性来源,风险点,备注
COPPER-2026-001,有色金属,铜,上游资源,铜价高位和矿端供给约束,铜矿资源型企业,资源储量和低成本矿山,铜价回落、矿端复产,优先看资源端盈利弹性
COPPER-2026-001,有色金属,铜,下游需求,AI数据中心、电网和电缆需求兑现,铜加工、电缆、变压器材料企业,订单放量和加工需求,加工费压缩、需求延后,偏订单逻辑
LI-2026-001,有色金属,锂,上游资源/锂盐,储能需求拉动去库,锂矿、锂盐企业,价格修复和库存下降,供给释放、钠电替代,弹性来自价格和库存
LI-2026-001,有色金属,锂,下游储能,LFP储能电芯排产增加,LFP电芯和正极企业,订单和产能利用率改善,低价竞争、毛利率承压,区分出货和利润
RARE-2026-001,有色金属,稀土,上游资源,政策不确定性和补库支撑稀土价格,稀土资源和分离企业,出口节奏与价格波动,政策暂停延长、价格回落,政策变化敏感
RARE-2026-001,有色金属,稀土,磁材应用,电机和汽车磁材补库,钕铁硼磁材企业,订单修复和出口恢复,海外替代和库存扰动,更看出货量
AL-2026-001,有色金属,铝,上游冶炼,电力成本和供给约束下铝价支撑,电解铝企业,吨铝利润,氧化铝波动、电价上升,偏周期
AL-2026-001,有色金属,铝,下游加工,汽车轻量化和光伏支架需求,铝型材、再生铝企业,订单放量,加工费下降,更看量
NICO-2026-001,有色金属,镍钴,上游资源,钴供给约束和镍价格波动,镍钴资源企业,价格弹性,库存高企,弱催化
NICO-2026-001,有色金属,镍钴,材料端,高镍三元正极路线修复,三元前驱体/正极企业,海外EV路线变化,LFP替代,观察项
STOR-LFP-2026-001,电池储能,磷酸铁锂,电芯,大储集采推动排产,LFP储能电芯厂,GWh订单和产能利用率,中标价格过低,订单质量优先
STOR-LFP-2026-001,电池储能,磷酸铁锂,系统集成,储能系统交付放量,系统集成商、PCS、温控企业,集成毛利和海外订单,回款和安全事故,重点看利润而非规模
STOR-SODIUM-2026-001,电池储能,钠离子,电芯/材料,低成本路线商业化验证,钠电电芯、正负极材料企业,量产良率和成本曲线,LFP降价挤压,需项目交付
STOR-SODIUM-2026-001,电池储能,钠离子,应用场景,低速车、工商业储能和大储示范,储能集成企业,场景落地,循环寿命不足,不宜概念化
STOR-VRFB-2026-001,电池储能,全钒液流,资源端,长时储能带动钒需求,钒资源和钒电解液企业,钒价和电解液租赁,钒价过高压制IRR,资源端弹性强
STOR-VRFB-2026-001,电池储能,全钒液流,系统端,4小时以上储能项目复制,液流电池电堆/系统商,项目复制和交付能力,成本高、招标少,适合长时储能
SOLAR-2026-001,绿能,光伏装机,运营端,低组件价格提升电站IRR,光伏电站运营商,新项目收益率,消纳和电价下行,制造端未必受益
SOLAR-2026-001,绿能,光伏装机,辅材/逆变器,装机规模维持需求韧性,逆变器、支架、EPC企业,出货量,价格战,看利润修复
SOLAR-INV-2026-001,绿能,光伏逆变器,海外渠道,欧盟公共资金限制带来订单扰动,海外逆变器和PCS企业,本地化和非欧转移,欧洲订单延迟,风险事件
SOLAR-INV-2026-001,绿能,光伏逆变器,本地化产能,欧洲或第三地生产能力价值提升,本地化产能企业,合规溢价,成本上升,看供应链调整
WIND-2026-001,绿能,风电,运营端,发电量受风速和利用小时影响,风电运营商,来风改善和电量修复,低风速持续,短期看运营
WIND-2026-001,绿能,风电,设备端,装机增长和海风招标带动设备需求,整机、叶片、塔筒、海缆企业,招标和开工,价格竞争,设备端需验证
HYDRO-2026-001,绿能,水电,运营端,来水改善提升发电量和现金流,大型水电运营商,利用小时和电价,来水不及预期,偏防守
HYDRO-2026-001,绿能,水电,调节电源,抽水蓄能和流域调度价值提升,抽水蓄能运营商,容量电价和调峰需求,政策收益不及预期,中长期逻辑
HYDROGEN-2026-001,绿能,氢能,设备端,绿氢项目带动电解槽需求,电解槽和制氢设备企业,订单和成本下降,项目延期,示范属性强
HYDROGEN-2026-001,绿能,氢能,消纳端,化工脱碳场景验证,合成氨/甲醇和园区能源服务商,真实消纳订单,补贴依赖,看商业闭环
MINOR-TIN-2026-001,小金属,锡,上游资源,锡价高位和矿端供给刚性,锡矿资源和锡冶炼企业,价格与库存,价格回落,高弹性
MINOR-TIN-2026-001,小金属,锡,电子材料,AI服务器焊料和先进封装需求,高纯锡焊料企业,AI出货与高端焊料需求,传统电子需求偏弱,新需求占比需验证
MINOR-W-2026-001,小金属,钨,资源/冶炼,出口管制和供给收缩支撑价格,钨矿、APT、钨粉企业,价格和库存,下游承压,资源弹性
MINOR-W-2026-001,小金属,钨,下游应用,高端刀具、光伏钨丝、半导体材料,硬质合金、刀具、电子特气企业,价格传导和订单增长,成本无法传导,看毛利率
MINOR-SB-2026-001,小金属,锑,资源端,锑出口管制和内外价差,锑资源和冶炼企业,许可证和价格中枢,需求弱、价格回调,政策敏感
MINOR-SB-2026-001,小金属,锑,下游应用,光伏玻璃和阻燃剂需求支撑,光伏玻璃材料和阻燃剂企业,需求占比提升,成本传导有限,偏供需缺口
MINOR-GEIN-2026-001,小金属,镓锗铟,资源回收,稀散金属价格弹性,回收和精炼企业,价格上涨,政策变化和流动性,小品种高波动
MINOR-GEIN-2026-001,小金属,镓锗铟,半导体/光通信,化合物半导体和光模块材料需求,材料和衬底企业,AI光通信需求,替代技术,看真实订单
MACH-EXPORT-2026-001,工业机械,工程机械出口,整机,海外销量增长,工程机械整机企业,出口订单和渠道库存,关税、海外需求回落,出海主线
MACH-EXPORT-2026-001,工业机械,工程机械出口,零部件,主机厂出海带动零部件,液压件、底盘件企业,配套率和国产替代,主机厂压价,看配套弹性
MACH-ELECTRIC-2026-001,工业机械,电动工程机械,整机,电动装载机渗透率提升,电动装载机企业,销量增长,补贴和成本波动,矿山港口先行
MACH-ELECTRIC-2026-001,工业机械,电动工程机械,三电系统,工程机械电动化带动电池和电驱,电池包、电驱企业,单机价值量提升,价格竞争,看出口复制
MACH-MOTHER-2026-001,工业机械,工业母机,核心设备,数控机床产量和国产替代,高端数控机床企业,订单与国产替代率,下游资本开支不足,重点方向
MACH-MOTHER-2026-001,工业机械,工业母机,核心部件,数控系统、主轴、刀具需求提升,数控系统、主轴、刀具企业,国产替代和高端化,技术壁垒和客户认证,弹性来自国产化
MACH-RENEW-2026-001,工业机械,设备更新,设备端,更新政策带动工业设备替换,机床、检测、自动化设备企业,项目落地和资本开支,政策空转,看订单
MACH-RENEW-2026-001,工业机械,设备更新,服务端,节能改造和产线升级,节能设备、工业软件企业,改造项目和订阅服务,预算收紧,中长期
BANK-DIV-2026-001,银行,高股息分红,资产配置,类固收配置需求,大型银行和优质城商行,股息率和险资配置,利率上行、业绩下滑,防守属性
BANK-DIV-2026-001,银行,高股息分红,投资者回报,中期分红常态化,分红稳定银行,分红频率和比例,资本充足约束,已较充分交易
BANK-NIM-2026-001,银行,净息差,负债端,存款成本下降改善息差,低负债成本银行,存款利率下行,贷款收益率同步下行,盈利修复关键
BANK-NIM-2026-001,银行,净息差,资产端,资产质量分化,拨备较厚银行,不良率和拨备覆盖,地产/城投风险,筛选风险
SEC-MA-2026-001,证券,券商并购,行业集中度,头部券商并购整合,头部券商和区域券商,规模和业务协同,监管不确定、中小股东异议,事件弹性
SEC-MA-2026-001,证券,券商并购,投行业务,并购重组项目增加,投行业务强券商,财顾收入和承销收入,市场风险偏好低,政策催化
SEC-REFORM-2026-001,证券,资本市场改革,投行/再融资,并购重组和再融资改革,投行业务券商,审核效率和项目储备,政策落地慢,看成交额
SEC-REFORM-2026-001,证券,资本市场改革,资管/产品,主动ETF和REITs试点,基金公司、资管机构,产品发行和管理费,市场热度不足,中长期
PHARMA-ASCO-2026-001,创新药,临床数据,管线端,ASCO数据提升资产定价,ADC、双抗、CAR-T企业,临床数据和全球多中心,数据不及预期,已进入后验证
PHARMA-ASCO-2026-001,创新药,临床数据,出海端,数据转化为BD谈判筹码,平台型Biotech,首付款和权益范围,BD落空,数据质量优先
PHARMA-BD-2026-001,创新药,BD出海,平台型资产,MNC补管线推动授权交易,ADC/双抗/自免平台企业,首付款和里程碑,总金额虚高,看首付款
PHARMA-BD-2026-001,创新药,BD出海,研发服务,BD回暖带动研发外包和早研景气,CRO/CDMO和早研服务商,项目增加,药企融资收缩,间接受益
PHARMA-PAY-2026-001,创新药,支付端,商业保险,商保创新药目录改善支付可及性,高值创新药企业,赔付和处方转化,商保覆盖不足,中期变量
PHARMA-PAY-2026-001,创新药,支付端,医院渠道,医保+商保协同推动院内准入,院内渠道强企业,入院和销量,降价压力,区分品种
PHARMA-NRDL-2026-001,创新药,医保目录,价格端,续约和支付标准影响价格,医保谈判药企业,支付标准,降价超预期,品种分化
PHARMA-NRDL-2026-001,创新药,医保目录,销量端,目录落地带动放量,临床价值高创新药企业,处方量和准入,竞争品种替代,看量价平衡
