前瞻ID,事件,时间,发生概率,重要程度,一级赛道,可能受益方向,可能受损方向,是否已被交易,预期差,后续观察指标,事件窗口,更新时间,来源
FWD-20260615-001,AI拥挤交易修复/二次分歧,2026-06下旬,高,★★★★★,AI算力,订单验证强的CPO、PCB、HBM、液冷、高速连接,弱订单/高估值/影子AI方向,充分交易/高波动,是否能从杀估值回到订单验证,Oracle后续融资/CAPEX、NVIDIA/Broadcom修复、A股核心标的成交,未来30天,2026-06-15,https://www.reuters.com/technology/oracle-beats-fourth-quarter-revenue-estimates-2026-06-10/
FWD-20260615-002,MWC Shanghai 2026,2026-06-24至06-26,高,★★★,光通信与高速连接,5G-A、边缘AI、AI终端、通信设备、光通信,传统通信弱需求,部分交易,通信主线可能扩散到边缘AI/5G-A,展商、运营商资本开支、5G-A应用,未来30天,2026-06-15,https://www.mwcshanghai.com/
FWD-20260615-003,TSMC 2026技术论坛中国场,2026-06-25,高,★★★★,半导体,先进封装、CoWoS、SoIC、HBM、材料设备,成熟制程价格承压,部分交易,先进封装供给约束继续验证,CoWoS/SoIC产能、客户需求、封装材料,未来30天,2026-06-15,https://www.tsmc.com/static/english/campaign/Symposium2026/index.htm
FWD-20260615-004,长鑫注册/发行进展,2026-06至07,中高,★★★★★,存储,DRAM、设备、材料、洁净室、封测、模组,弱关联影子方向,充分交易,注册/发行节奏可能成为二次验证,证监会注册、发行询价、募投项目,未来30天,2026-06-15,https://finance.eastmoney.com/a/202605273751603761.html
FWD-20260615-005,长江存储是否正式递交IPO申请,2026-06中旬至Q3,中高,★★★★★,存储,NAND设备、材料、封测、洁净室、存储控制,弱关联存储影子股,部分交易,正式申报/受理会强化存储双雄扩产预期,申报受理、问询、辅导进展,未来30天,2026-06-15,https://www.cs.ecitic.com/newsite/tzgg/ipoqyfdgg/202605/t20260519_1212097.html
FWD-20260615-006,迎峰度夏,2026-06至08,高,★★★★,电力与算电,火电、水电、电网调度、储能、虚拟电厂,电价下行/煤价上行压力方向,初步交易,极端高温和局部供需偏紧带来防守波段,高温、负荷、来水、煤价、电价,未来30天,2026-06-15,https://www.nea.gov.cn/20260427/6d396d506d8d406e9f895a2d3b2266f0/c.html
FWD-20260615-007,WAIC 2026,2026-07,中高,★★★★,AI应用,国产大模型、AI Agent、具身智能、国产算力、AI应用落地,纯概念AI应用,初步交易,应用侧是否走向订单,正式议程、模型发布、订单落地,未来90天,2026-06-15,https://www.worldaic.com.cn/
FWD-20260615-008,世界机器人大会,2026-08-19至08-23,高,★★★★★,机器人,整机、执行器、伺服、减速器、丝杠、灵巧手、传感器,弱相关机器人概念,初步交易,机器人高价值零部件二次验证,展品、供应链、客户订单、量产节奏,未来90天,2026-06-15,https://www.cie.org.cn/list_93/15716.html
FWD-20260615-009,Rubin供应链订单验证,2026H2,高,★★★★★,AI算力,AI服务器、CPO、光模块、PCB、液冷、HBM、CoWoS、高速连接,旧平台服务器/传统散热,充分交易,真正预期差在订单兑现和良率,云厂商CAPEX、供应链出货、CPO良率,未来12个月,2026-06-15,https://nvidianews.nvidia.com/news/vera-rubin-full-production-agentic-ai-factory
FWD-20260615-010,基本半导体港股聆讯/上市,2026H2,中,★★★,半导体,SiC衬底、功率器件、栅极驱动、模块封装、AI电源,无订单/持续亏损SiC企业,部分交易,港股聆讯可带动SiC链观察，但盈利和产能利用率是硬约束,聆讯、招股书更新、产能利用率、客户认证,未来12个月,2026-06-15,https://www1.hkexnews.hk/app/appindex.html
FWD-20260615-011,商业火箭集中试射/IPO推进,2026H2,中高,★★★★,商业航天,火箭发动机、箭体材料、测控、发射服务、卫星制造,试射失败相关方向,部分交易,可回收火箭技术节点可能成为板块二次催化,试射日期、入轨、一级回收、后续订单,未来12个月,2026-06-15,https://www.stcn.com/article/detail/3954729.html
FWD-20260615-012,低空经济适航与运营场景验证,2026H2,中,★★★,低空经济,eVTOL、起降设施、通信导航、空管、运营服务,无适航/无订单概念,初步交易,产业化取决于取证和场景订单,适航证、运营航线、招标订单,未来90天,2026-06-15,https://www.dikongjie.com/tm.html
FWD-20260617-019,MLCC涨价函与交期拉长持续验证,2026Q3,中高,★★★★,被动元件,高容高压MLCC、陶瓷粉体/介质材料、AI服务器主板物料、被动元件平台,低端消费电子被动元件、涨价无法传导的中低端库存品,充分交易/高拥挤,预期差从“价格上涨”转向“毛利率兑现”；若龙头已高拥挤，需要用订单与利润验证过滤,涨价函、交期、库存、AI服务器订单、毛利率、Rubin/VR200机柜MLCC用量,2026Q3-2026Q4,2026-06-17,TrendForce；https://www.trendforce.com/news/2026/02/24/news-samsung-electro-mechanics-reportedly-weighs-double-digit-mlcc-price-hike-in-april-amid-ai-demand/
FWD-20260617-020,西安奕材上市后12英寸硅片产能爬坡与募投项目达产跟踪,2026H2,高,★★★★,半导体,12英寸硅片、300mm抛光片/外延片、国产晶圆厂扩产、硅片设备与耗材,海外高价硅片供应商、国产爬坡不及预期的低良率产能,部分交易,IPO已完成，后续预期差不在上市本身，而在120万片/月产能爬坡、客户认证、亏损收窄和涨价传导,二工厂达产进度、月产能、客户认证、产能利用率、折旧压力、毛利率、亏损收窄,2026H2-2027,2026-06-17,西安奕材官网/SEMI；https://www.eswin.com/news/newsinfo/139.html;https://www.semi.org/en/semi-press-release/semi-reports-worldwide-silicon-wafer-shipments-increase-13-percent-year-on-year-in-q1-2026
FWD-20260617-021,玻璃基板/TGV试点线与设备订单验证,2026H2-2027,中高,★★★★★,先进封装,TGV设备、玻璃原片、激光钻孔、电镀/PVD、检测、封测/面板级封装,无法通过送样/良率低的主题环节,充分交易/高拥挤,已从低位预期差转入验证预期差,试点线、送样、良率、设备订单、客户认证、量产时间表,未来90天/12个月,2026-06-17,https://www.digitimes.com/news/a20260616PD217/tsmc-innolux-ibiden-packaging-cowos.html
FWD-20260617-022,SST/800VDC数据中心供电后续订单与复制验证,2026H2,中高,★★★★★,电力与算电,SST整机、SiC器件、高频磁件、电容、直流保护、变压器/配电,传统UPS链条、无法适配800VDC的设备,部分交易/快速升温,从0-1订单到批量复制仍有预期差,后续订单、客户复购、可靠性、成本、认证、收入占比,未来30-90天,2026-06-17,https://finance.sina.com.cn/7x24/2026-06-17/doc-inicsmhx7169359.shtml
FWD-20260617-023,AIDC光纤光缆/MPO布线长协和价格验证,2026Q3,高,★★★★★,光通信与高速连接,高端光纤、MPO跳线、保偏光纤、插芯、FAU、布线系统,普通低端光纤、缺乏CSP订单的环节,快速交易/部分高拥挤,订单长协和价格是否进入利润表,Amazon/Meta/NVIDIA等长协、国内AIDC订单、光纤价格、交期、出口、毛利率,未来30-90天,2026-06-17,https://www.aboutamazon.com/news/company-news/amazon-corning-fiber-optics-1000-jobs-north-carolina
FWD-20260617-024,AI连接芯片国产替代导入窗口,2026H2-2027,中,★★★★,AI算力,PCIe/CXL、Retimer、交换芯片、PHY、DSP、NVLink Fusion兼容芯片,低速/低端连接芯片、缺乏验证的主题环节,初步交易,国产替代能否从样品到批量导入,客户认证、产品代际、订单、云厂商导入、毛利率,未来90天/12个月,2026-06-17,https://investor.nvidia.com/news/press-release-details/2026/NVIDIA-AI-Ecosystem-Expands-as-Marvell-Joins-Forces-Through-NVLink-Fusion/default.aspx
FWD-20260617-025,NPO/Scale-up光互连样机和订单窗口,2026H2-2027,中,★★★★,光通信与高速连接,NPO光引擎、测试设备、MPO/FAU、保偏光纤、光芯片、陶瓷基板,CPO进度更快导致NPO低于预期的环节,初步交易/前瞻升温,路线分歧带来的预期差，尚未进入利润兑现,样机、客户路线图、订单、测试设备扩产、MPO/保偏光纤需求,未来90天/12个月,2026-06-17,待补
FWD-20260617-026,ABF膜国产替代验证与载板长约,2026H2-2027,中,★★★★,先进封装,ABF膜、类ABF膜、精密涂布、封装基板材料,无法通过客户认证的国产替代环节,部分交易,日企垄断与国产验证之间的预期差,交期、价格、客户认证、良率、载板厂长约、国产量产,未来90天/12个月,2026-06-17,https://www.wsj.com/business/ai-needs-ajinomotos-film-but-its-ceo-wont-raise-prices-just-because-90d4782b
FWD-20260617-027,Physical AI与机器人量产链周度订单验证,2026Q3-Q4,中高,★★★★,机器人,执行器、减速器、丝杠、传感器、PEEK、绕线设备、工业AI系统,未进入真实供应链的概念零部件,部分交易/反复轮动,从IPO催化转向订单和产能验证,PPA回函、项目书、周度订单、海外建厂、良率、毛利率,未来30-90天,2026-06-17,https://nvidianews.nvidia.com/news/nvidia-open-humanoid-robot-reference-design
FWD-20260617-028,晶圆代工涨价与成熟制程转单验证,2026Q3,中,★★★★,半导体,晶圆代工、BCD/PMIC/MOS、特色工艺、国产先进制程,涨价无法落地或稼动率不足的晶圆厂,初步交易/待核验,涨价幅度和转单节奏仍需核验,报价、ASP、稼动率、客户排产、净利率、资本开支,未来30-90天,2026-06-17,待补
FWD-20260617-029,薄膜铌酸锂在Coherent Lite/OCS场景前瞻,2027-2029,中,★★★,光通信与高速连接,TFLN晶圆、调制器、轻相干、OCS、CPO/NPO光引擎,短期无法进入量产的远期概念,初步交易/远期前瞻,技术性能预期强但商业化窗口较远,Coherent Lite路线、TFLN样品、客户验证、成本、良率,未来12个月,2026-06-17,待补
FWD-20260617-030,PTFE/PPO等AI高速PCB树脂材料认证,2026H2-2027,中,★★★★,光通信与高速连接,PTFE、PPO、低介电树脂、CCL、M9/M10材料、覆铜板工艺,无法通过加工/成本/客户验证的材料,部分交易,材料验证到量产仍有预期差,送样、客户认证、加工工艺、良率、量产时间、价格、毛利率,未来90天/12个月,2026-06-17,待补
FWD-20260617-031,6G部省协同试点与卫星互联网融合验证,2026H2-2029,中,★★★,商业航天,6G基站/核心网/承载网、卫星互联网、激光通信、商业航天载荷、测试仪表,纯情绪商业航天概念、缺订单的影子股,初步交易/前瞻,6G与卫星互联网绑定为中长期事件，短期仍需项目和招标验证,试点城市/省份、运营商CAPEX、卫星互联网试验、标准进度,未来12个月,2026-06-17,https://news.cctv.com/2026/06/04/ARTI2lqI2uLdWCSQUwjpq3bt260604.shtml
FWD-20260617-032,VC/负极等锂电材料中报修复观察,2026Q3,中,★★★,电池储能,VC添加剂、负极材料、石墨化、电解液、储能电池,无法涨价传导或需求低于预期环节,部分交易/短线轮动,属于锂电材料修复，不纳入AI硬件主线,散单价、招标价、排产、原材料联动、毛利率、中报预告,未来30-90天,2026-06-17,待补
FWD-20260617-033,海外AIDC缺电下燃气轮机/气发订单验证,2026H2-2027,中,★★★★,电力与算电,燃气轮机、天然气发电机组、SOFC、储能、并网设备、变压器,只依赖主题、无订单/认证的发电设备,部分交易,数据中心电源供给瓶颈从电网接入扩散到表后发电,订单排期、价格、交付、北美/海外认证、客户、毛利率,未来90天/12个月,2026-06-17,待补
FWD-20260618-001,MicroLED光通信方案在AI中短距互联中的前瞻验证,2026-2028,中,★★★,光通信与高速连接,MicroLED芯片、硅基透镜、多芯光纤、光耦合、TGV封装、先进封装,短期现有光模块格局暂无直接冲击,局部交易/前瞻炒作,技术路线新但标准化和光耦合难度高,标准化进展、10-50米场景样品、客户验证、功耗/成本曲线、耦合良率,未来12-24个月,2026-06-18,用户上传文件：行业信息梳理.txt
FWD-20260618-002,金刚石复合散热材料在AI高功率芯片中的送样验证,2026-2028,中,★★★,新材料/数据中心基础设施,金刚石复合散热片、金刚石+铜/SiC、微通道冷板、高功率GPU散热材料,传统散热材料若性能瓶颈显现,局部交易,0-1技术路线，验证难度和成本良率高,海外客户送样、二次送样、量产线、良率、单片成本、热阻数据、客户导入,未来12-24个月,2026-06-18,用户前序材料+行业信息梳理.txt
FWD-20260618-003,空芯光纤/多芯光纤在AIDC与高速互联中的产业化前瞻,2026-2029,中,★★★,光通信与高速连接,空芯光纤、多芯光纤、保偏光纤、光纤预制棒、数据中心布线,普通低端光纤若价格回落,局部交易,若CSP长协落地和AIDC需求超预期，高端光纤弹性高,北美CSP LTA、657A1/A2价格、空芯光纤客户验证、MPO/数据中心布线订单,未来6-24个月,2026-06-18,用户上传文件：行业信息梳理.txt
FWD-20260618-004,法拉第旋光片/隔离器供需紧张与光模块上游小材料重估,2026-2027,中,★★★,光通信与高速连接,光隔离器、法拉第旋光片、磁光晶体、稀土磁光材料、长晶设备,依赖外购高端旋光片的光器件厂商,较少交易/待核验,小材料一旦断供或涨价，可能影响光模块交付,Coherent/住友Granopt供给、稀土出口、交期、价格、国产替代送样,未来3-12个月,2026-06-18,用户上传文件：行业信息梳理.txt
FWD-20260618-005,电子级氢氟酸/氦气等半导体制造材料价格链,2026-2027,中,★★★,半导体材料,电子级HF、无水氢氟酸、电子特气、氦气、湿电子化学品,受高纯材料涨价挤压的制造端,部分交易,涨价需确认能否持续并传导到国产材料企业利润,韩国/日本供应商涨价函、国内电子级产品认证、价格、出货量、毛利率,未来3-12个月,2026-06-18,用户上传文件：行业信息梳理.txt
FWD-20260618-006,AI SoC与Android XR/AI眼镜成为端侧AI入口前瞻,2026-2028,中,★★★,消费电子与端侧AI,AI SoC、无线通信模组、低功耗MCU、AI眼镜ODM、音频/蓝牙芯片,传统智能硬件若AI入口迁移,局部交易,生态和出货量验证未完成，仍偏前瞻,Google I/O/Android XR工具包、三星/高通/XR新品、AI眼镜出货、SoC ASP,未来6-24个月,2026-06-18,用户上传文件：行业信息梳理.txt
FWD-20260618-007,工业软件与Physical AI融合：仿真、CAE与世界模型,2026-2028,中,★★★,AI应用/先进制造,工业软件、CAE/仿真、工业数据、边缘算力、机器人训练平台,通用软件若被模型吞噬且缺乏工业数据壁垒,局部交易,工业数据与安全合规形成壁垒，但商业化节奏需验证,工业AI订单、CAE软件续费、机器人仿真平台、世界模型落地案例,未来12-24个月,2026-06-18,用户上传文件：行业信息梳理.txt
FWD-20260618-SW-001,GPU租赁价格、国内云厂上架价格与大客户续约观察,2026-06至2026-07,高,★★★★,AI应用基础设施,IDC运营商、GPU云平台、算力调度、电力/液冷配套,低利用率平台、现金流压力平台,部分交易,价格与续约能否穿越短期GPU供给变化,GPU小时租金、上架率、客户续约率、AIDC上电、CSP Capex,未来30天,2026-06-18,用户材料+云厂财报
FWD-20260618-SW-002,CSP二季报/电话会验证AI Capex扩张与ROI压力,2026-07至2026-08,高,★★★★★,AI应用基础设施,AIDC、GPU云服务、服务器/液冷/光模块需求,AI Capex降速相关链条,已交易,Capex继续上修将强化硬件与服务双链；下修则触发风险修正,Amazon/Google/Microsoft/Meta/国内CSP Capex指引、云收入、自由现金流,未来90天,2026-06-18,公开财报
FWD-20260618-SW-003,算力服务平台从资源型平台向调度/金融/应用一体化升级,2026H2-2027H1,中,★★★★,AI应用基础设施,算力调度、FinOps、Token工厂、AIDC运营,纯机柜托管低附加值环节,未充分交易,服务化和调度能力可能拉开平台差异,按Token计费合同、平台毛利率、客户结构、算力卡残值,未来12个月,2026-06-18,CME+用户材料
FWD-20260618-SW-004,CME/Silicon Data compute futures后续产品与流动性观察,2026-06至2026-07,中,★★★★,AI应用基础设施,算力指数、交易所、算力租赁平台、Token运营,无连续价格或无流动性的平台,概念升温,合作推出不等于成熟市场，需看流动性和市场参与者,合约细则、成交量、持仓量、价格指数、参与者类型,未来30天,2026-06-18,https://www.cmegroup.com/media-room/press-releases/2026/5/12/cme_group_and_silicondatapartnertolaunchfirstcomputefutures.html
FWD-20260618-SW-005,运营商/云厂Token套餐和企业Agent调用量验证,2026Q3,中高,★★★★,AI应用基础设施,Token运营平台、企业AI应用、算力调度,按小时卖算力且无客户粘性的平台,局部交易,Token消耗若高增，将成为算力服务价格锚,Token套餐价格、API调用量、Agent活跃度、单位推理成本,未来90天,2026-06-18,用户材料+企业财报
FWD-20260618-SW-006,算力资产证券化/融资租赁/长期购电合同联动,2026H2-2027H1,中,★★★,AI应用基础设施,IDC运营商、算力租赁、金融化服务、储能/电力配套,高负债且利用率低平台,未充分交易,金融化提高资产周转，但也放大周期风险,ABS发行、融资成本、长期客户合同、用电成本,未来12个月,2026-06-18,CME+公开资料
FWD-20260618-SW-007,企业软件二季报披露AI功能付费率与ARR进展,2026-07至2026-08,高,★★★★,AI应用,办公SaaS、ERP/CRM、客服/营销自动化、AI原生应用,AI功能免费但无付费转化公司,局部交易,真正预期差在ARPU、NRR和按效果收费,ARR、付费席位、净收入留存、AI功能毛利率,未来90天,2026-06-18,Reuters Salesforce/Microsoft
FWD-20260618-SW-008,大模型应用平台从Copilot向Agent/Workflow产品线升级,2026Q3,高,★★★★,AI应用,企业软件、低代码、自动化、客服/营销/办公Agent,纯聊天机器人产品,已交易,工作流闭环能力比模型调用更重要,Agent功能发布、插件数量、企业部署率、任务完成率,未来90天,2026-06-18,Gartner/Microsoft/Google
FWD-20260618-SW-009,AI原生应用进入行业化复制和续费验证期,2026H2-2027H1,中高,★★★★,AI应用,AI原生应用、垂直SaaS、企业数据服务,缺少行业数据和交付能力产品,未充分交易,行业模板与私有数据是壁垒,行业客户数、续约率、交付周期、推理成本,未来12个月,2026-06-18,公开资料
FWD-20260618-SW-010,Google I/O、Microsoft Work Trend后Agent产品节奏继续发酵,2026-06至2026-07,高,★★★★★,AI应用,Agent平台、工具调用、工作流编排、RAG/知识图谱,仅包装对话机器人公司,已交易,Agent从演示到生产部署之间存在成熟度差,PoC转生产、权限治理、成功率、成本,未来30天,2026-06-18,Google/Microsoft/Gartner
FWD-20260618-SW-011,企业Agent治理、安全、FinOps成为采购前置条件,2026Q3,中高,★★★★,AI应用,Agent治理、安全、权限、RAG、企业知识库,无治理能力的单点Agent,局部交易,安全与成本管理是规模化瓶颈,越权事件、审计、成本监控、合规要求,未来90天,2026-06-18,Gartner
FWD-20260618-SW-012,多Agent协作与企业知识工程进入规模部署观察期,2026H2-2027H1,中,★★★★,AI应用,RAG、向量数据库、知识图谱、流程编排,交付高度定制且难复制的项目,未充分交易,标准化平台若形成，可提升软件估值中枢,行业模板、复用率、私有部署数量、客户续费,未来12个月,2026-06-18,arxiv+Gartner
FWD-20260618-SW-013,WWDC/Google I/O后AI眼镜、AI手机、AI PC产品节奏跟踪,2026-06至2026-07,高,★★★★,消费电子与端侧AI,AI SoC/NPU、模组、ODM、光学/声学组件,纯概念终端供应链,已交易,发布会催化需转化为出货和BOM提升,新品定档、预售、供应链拉货、BOM价值量,未来30天,2026-06-18,Google/Apple/Counterpoint
FWD-20260618-SW-014,AI PC/NPU出货渗透率与库存周期验证,2026Q3,中高,★★★★,消费电子与端侧AI,AI PC链、NPU、存储、散热、电源管理,低端无AI功能终端,局部交易,AI PC渗透率若超预期，将拉动半导体和存储,AI PC占比、NPU出货、渠道库存、ASP,未来90天,2026-06-18,Counterpoint/IDC/Omdia
FWD-20260618-SW-015,端侧AI从手机/PC扩展到眼镜、耳机、车载入口,2026H2-2027H1,中,★★★★,消费电子与端侧AI,AI眼镜、AI耳机、车载AI、端侧模型,无生态和入口能力硬件,未充分交易,Always-on入口将拉动Token消耗与新硬件BOM,AI眼镜出货、佩戴时长、续航、端侧调用量,未来12个月,2026-06-18,Omdia/Google
FWD-20260618-SW-016,企业RAG/Agent项目带动私有数据治理需求,2026-06至2026-07,中高,★★★,AI应用,数据标注、数据治理、企业知识库、RAG连接器,低质量通用数据供应商,局部交易,高质量企业私有数据可能成为AI应用瓶颈,企业数据接入源、知识库项目、标注订单、评测集采购,未来30天,2026-06-18,EnterpriseRAG-Bench
FWD-20260618-SW-017,合成数据、隐私与版权风险进入监管和客户采购考核,2026Q3,中,★★★,AI应用,合成数据平台、隐私计算、版权授权、数据合规,无合规能力数据公司,未充分交易,合规能力可能高于标注产能本身,版权诉讼、隐私评估、差分隐私要求、客户审计,未来90天,2026-06-18,arxiv synthetic data/privacy
FWD-20260618-SW-018,数据资产化与行业数据交易形成长期前瞻,2026H2-2027H1,中,★★★,AI应用,数据交易所、行业数据平台、标注/评测、合成数据,单一人工标注低附加值环节,未充分交易,数据确权和授权模式决定长期收入质量,数据交易额、授权合同、数据入表政策、行业模型需求,未来12个月,2026-06-18,政策观察+用户材料
FWD-20260621-001,国产大模型科创板IPO首批申报窗口,2026H2,高,★★★★★,AI应用,大模型企业IPO、AI应用估值重估、一级市场退出、A股大模型映射,无实质模型能力的纯概念公司,快速交易/部分高拥挤,首批申报企业质量和审核节奏决定行情持续性,智谱/月之暗面/MiniMax等是否申报、审核反馈、估值锚定,未来90天,2026-06-21,上交所第10号指引
FWD-20260621-002,功率半导体H2涨价延续与毛利率验证,2026Q3-Q4,中高,★★★★,半导体,IGBT、MOSFET、SiC功率器件、功率代工,太阳能逆变器等需求疲弱品类,部分交易,涨价能否传导至毛利率改善,Q2财报毛利率、H2涨价函、代工稼动率、库存天数,未来90天,2026-06-21,摩根士丹利
FWD-20260621-003,铟出口管制可能从审查升级为正式限制,2026H2,中,★★★★,半导体,国内磷化铟衬底、高纯铟提纯、光芯片国产替代,海外光芯片/光模块厂商、依赖进口铟的企业,部分交易,审查与正式管制之间存在政策升级空间,管制清单更新、铟价走势、海外备货、Coherent等海外厂商应对,未来90天,2026-06-21,路透社/USGS
FWD-20260621-004,,,,★★★★,光通信与高速连接,,,,,月度CCL报价、电子布价格、下游PCB涨价函、Q2/Q3毛利率,,,天风电新CCL观点更新20260621
FWD-20260621-005,,,,★★★★,存储,,,,,SLC NAND现货/合约价、原厂产能调整、利基存储公司季度业绩,,,财联社+大表哥策略笔记20260621
FWD-20260624-001,功率器件涨价持续至2027年，中低压器件累计涨20-40%，AI电源敞口从个位数升至15-20%,2026H2-2027,高,★★★★,半导体与先进封装,中低压MOSFET龙头、SiC MOSFET、AI服务器电源厂、功率Fab厂,依赖外采功率器件的电源集成商成本承压,部分交易,AI电源从概念到订单兑现的速度，二轮涨价持续性,季度涨价幅度、Fab稼动率、AI电源订单占比、毛利率趋势,未来30-90天,,
FWD-20260624-002,液冷Q3业绩拐点：英维克G+NV CDU共10亿元订单7月明确出货，波纹管/CDU代工链业绩集中释放,2026Q3,高,★★★★★,AI算力与数据中心,CDU代工(远东/英维克/江南新材/五洋/捷邦)、波纹管(金富)、电子泵(飞龙/大元)、Tier1(思泉),无明确受损方,部分交易/Q2前业绩未释放,Q2部分厂商可能提前释放业绩，大元泵份额60%超预期,英维克Q3出货、金富中报液冷利润、大元CDU泵份额确认、国内CSP液冷订单,未来30-90天,,
FWD-20260624-003,Momenta递交招股书，物理AI/自动驾驶IPO催化，累计装车90万+台,2026H2,高,★★★★,无人驾驶与物理AI,物理AI/世界模型、自动驾驶方案商、域控制器、传感器,无明确受损方,初步交易,Momenta毛利率从17.5%升至71.6%超预期，Robo业务2000亿美金市场空间,IPO进度、估值区间、Robotaxi商业化数据、R7世界模型迭代,未来90天,,
,,,,★★★★★,被动元件,,,,,7月原厂涨价函发出、长协成交价格、代理库存报价、交期变化,,,
,,,,★★★★★,存储,,,,,2026-09美光Q4正式财报、FY2027资本开支官方确认,,,
,,,,★★★★★,存储,,,,,韩国官方公告内容、国内存储（长鑫/长存）配套投资规划,,,
,,,,★★★★★,PCB材料,,,,,E布月度报价、建滔CCL涨价函、巨石织布机利用率、库存状态,,,
,,,,★★★★,半导体与先进封装,,,,,天岳官方涨价函、英飞凌Q3价格确认、SiC下游车规/工业订单,,,
,,,,★★★★★,光通信与高速连接,,,,,H股上市日期确认、H股首日定价、外资持仓变化,,,
FWD-20260701-001,长十B火箭首次发射+海上回收（全球首创），7月10日航警信息已披露,2026-07-10前后,高,★★★★,商业航天,商业航天整体（斯瑞新材/广联航空/中国卫星/铖昌科技）,,部分预期交易,有，若发射+回收双成功，标志中国商业航天进入重复使用新阶段,发射成功率、回收成功率、后续商业合同,2026-07-10,2026-07-01,新闻联播官微/财通军工
FWD-20260701-002,WAIC世界人工智能大会（7月上海）+ 世界机器人大会（8月北京），具身智能大规模催化窗口,2026-07至2026-08,确定,★★★★★,机器人/AI应用,具身智能整机（优必选/锋龙）、核心零部件、AI应用商业化,,部分预期,有，7-8月为机器人IPO+展会+量产验证三重叠加,WAIC机器人展示/发布、WRC订单/量产公告、Optimus Gen3正式发布,2026-07至2026-08,2026-07-01,瑞银/ZX制造研报
FWD-20260701-003,韩国三星+SK两大芯片巨头宣布合计1000万亿韩元+10年半导体投资，带动全球洁净室/设备扩产超级周期,2026-07至2030年,高,★★★★★,半导体,洁净室（超达装备）、半导体设备（北方华创/中微/拓荆）、零部件（富创/新莱/珂玛）、气体（广钢）,,部分初步交易,有，韩国扩产对国内设备零部件出口及国产替代机会尚未充分定价,三星/SK资本开支落地节奏、国内设备出口订单、洁净室项目签约,2026-Q3至2027,2026-07-01,国盛建筑/天风电子研报；韩国总统府报告会
FWD-20260708-001,华为昇腾950超节点真机正式发布（7月17日）,2026-07-17,高,★★★★★,AI算力,国产算力全链（先进封装/连接器/液冷/交换机）；昇腾出海概念；AI-2026-016全链标的,见光回调风险（预期已部分定价）,初步交易,国际客户规模及出海速度若超预期披露，将驱动新一轮上涨,规格参数（8192张NPU互联是否突破）；价格定价；首批交付时间；出海客户名单公开情况,未来10天,,
FWD-20260708-002,WCLC(9/12-15)+ESMO(10/23-27)创新药双会议数据读出窗口,2026-09-12至2026-10-27,确定,★★★★,创新药,ADC/双抗/小核酸具备重磅数据读出的Biotech；已BD出海但数据未公开的管线,数据不达预期的标的,未充分交易,H1 BD 997亿美元已确认中国资产价值，数据会议为价值验证窗口，预期超额收益在数据读出前1-2个月开始积累,重磅数据入选摘要情况；MNC后续BD进展；礼来/BMS第二批合作,未来90-120天,,
FWD-20260708-003,BofA大幅上调全球CSP资本开支预测（Google/Meta/AWS）,2026-2028,高,★★★★★,AI算力,全球AI硬件（GPU/HBM）；服务器整机；液冷；光模块；国内AI出海链,若CSP后续财报资本开支低于上调预期，可能引发修正,初步交易,Google 2027年2900亿（原2570亿），Meta 2027年1850亿（原1570亿），AWS 2027年2300亿（原1960亿）；DRAM现货涨价约40%，Meta新模型Watermelon算力需求10x上一代,7月底-8月北美大厂Q2财报资本开支实际指引；Meta Watermelon算力需求落地情况,未来30-60天（财报季）,,
FWD-20260708-004,MPO连接器业绩密集释放窗口：汇聚科技H1已超全年，其他厂商7-8月陆续预告,2026-07至2026-08,高,★★★★,AI光通信与高速互联,汇聚科技/长芯博创；MMC高端MPO产品放量；MPO产业链2年5x（600亿→3000亿）,物料涨价压缩部分利润率,初步交易,汇聚H1已超去年全年（市场此前预期过悲观）；谷歌CSP单家无源需求量超市场预期；MMC高端产品价值量对冲物料涨价,其他MPO公司（长芯博创等）7-8月预告；MMC占比和单价趋势；亿道等新品类验证,未来30-60天,,
