映射ID,事件ID,事件名称,一级赛道,一级产业,二级环节,三级零部件/材料/设备,代表公司/公司类型,当前市场关注度,是否已炒作,预期差,验证指标,风险点,最新更新时间,来源
MAP-20260615-001,MKT-2026-001,外盘AI拥挤去杠杆,AI算力,交易结构,高估值/高拥挤AI资产,云厂商CAPEX、AI服务器订单、科技ETF/期权/杠杆资金,A股AI硬件核心、半导体、CPO、PCB、存储相关公司类型,极高,已充分交易,杀估值不等于产业证伪，分歧后看订单验证,外盘SOX、云CAPEX、A股核心修复、成交量,若CAPEX下修或订单砍单则转向主线退潮,2026-06-15,https://www.reuters.com/technology/oracle-beats-fourth-quarter-revenue-estimates-2026-06-10/
MAP-20260615-002,AI-2026-010,Rubin/CPO生产,AI算力,AI基础设施,高速互连,CPO、硅光、光模块、交换芯片、200G SerDes,光模块、硅光、交换机、光芯片、激光器公司类型,极高,充分交易,CPO进入量产验证但核心拥挤,CPO良率、SerDes、交换机订单、1.6T交付,高位拥挤、技术路线变化、外盘波动,2026-06-15,https://nvidianews.nvidia.com/news/vera-rubin-full-production-agentic-ai-factory
MAP-20260615-003,AI-2026-010,Rubin/CPO生产,光通信与高速连接,高速连接,铜连接/连接器,高速铜缆、线缆组件、连接器材料、屏蔽材料,高速线缆、连接器、铜基材料公司类型,高,部分交易,CPO并不消灭机柜短距铜连接,224G/448G、800G/1.6T、客户订单,若市场只交易CPO，铜连接扩散滞后,2026-06-15,https://nvidianews.nvidia.com/news/vera-rubin-full-production-agentic-ai-factory
MAP-20260615-004,PCB-2026-002,PCB涨价传导,光通信与高速连接,AI PCB/CCL,高阶PCB/CCL,AI服务器PCB、交换机PCB、M9/M10 CCL、特种钻针,PCB、CCL、高速材料公司类型,极高,充分交易,整板涨价说明成本压力向下游传导，利润传导需验证,涨价函、毛利率、订单、客户认证,短线拥挤、客户压价、原材料继续上涨,2026-06-15,https://www.21jingji.com/article/20260615/herald/b117d40599448a98cebf72ba232e6758.html
MAP-20260615-005,PCB-2026-001,PCB上游材料涨价,新材料,高频高速材料,电子布/玻纤/树脂/铜箔,低介电电子布、电子纱、PPO/PPE树脂、铜箔、低损耗材料,电子布、电子树脂、铜箔、玻纤公司类型,极高,部分交易转充分交易,高端材料涨价从预期差走向利润验证,电子布价格、库存、产线投放、毛利率,扩产后供需再平衡、普通业务稀释,2026-06-15,https://www.21jingji.com/article/20260615/herald/b117d40599448a98cebf72ba232e6758.html
MAP-20260615-006,MEM-2026-005,长鑫IPO过会,存储,国产DRAM扩产,前道设备/材料,刻蚀、薄膜、清洗、CMP、特气、前驱体、光刻胶、靶材,半导体设备、材料、零部件、洁净室公司类型,极高,充分交易,核心设备拥挤，材料和洁净室仍看订单,注册发行、募投落地、客户导入、材料订单,IPO兑现退潮、价格周期回落,2026-06-15,https://finance.eastmoney.com/a/202605273751603761.html
MAP-20260615-007,MEM-2026-008,长江存储IPO辅导,存储,国产NAND扩产,前道设备→材料→封测→模组,刻蚀、薄膜、清洗、CMP、特气、前驱体、光刻胶、靶材、洁净室,国产设备、材料、零部件、洁净室、封测公司类型,极高,部分交易,正式申报/受理可能形成存储二次催化,申报受理、问询、三期投产、NAND价格、设备材料订单,申报节奏慢、NAND价格回落、弱关联影子过热,2026-06-15,https://www.cs.ecitic.com/newsite/tzgg/ipoqyfdgg/202605/t20260519_1212097.html
MAP-20260615-008,MEM-2026-007,存储价格上行,存储,DRAM/NAND/HBM,封测/模组/HBM,存储封测、HBM封装、存储模组、先进封装材料,封测、模组、封装材料公司类型,高,充分交易,价格持续性和HBM供给紧张,合约价、HBM供应、库存、封测产能,价格周期回落、渠道库存反转,2026-06-15,https://www.trendforce.com/presscenter/news/20260601-13070.html
MAP-20260615-009,ROBOT-2026-004,宇树IPO过会,机器人,人形机器人,执行器/运动控制,关节执行器、伺服、驱动器、无框/空心杯电机,执行器、运动控制、伺服公司类型,高,部分交易,看量产订单，不看泛机器人主题,供应商披露、出货量、毛利率、工业订单,主题过热、盈利滞后,2026-06-15,https://www.sse.com.cn/listing/renewal/ipo/index_listing_detail.shtml?auditId=2178
MAP-20260615-010,ROBOT-2026-005,世界机器人大会,机器人,人形机器人,灵巧手/传感,微型传动、灵巧手、力矩传感器、视觉模组,灵巧手、微传动、传感器公司类型,中高,初步交易,灵巧手和传感是二阶段预期差,自由度、客户样机、批量订单、良率,停留在验证阶段,2026-06-15,https://www.cie.org.cn/list_93/15716.html
MAP-20260615-011,POWER-2026-005,迎峰度夏,电力与算电,发电端/电网侧,火电/水电/调度,火电顶峰、水电来水、电网调度、虚拟电厂、储能,发电运营、电网调度、储能公司类型,中高,初步交易,科技拥挤波动下电力具备防守波段属性,气温、负荷、煤价、来水、电价,电价下行、煤价反弹、来水不足,2026-06-15,https://www.nea.gov.cn/20260427/6d396d506d8d406e9f895a2d3b2266f0/c.html
MAP-20260615-012,SIC-2026-001,基本半导体第三次递表,半导体,第三代半导体/SiC,衬底→外延→芯片→模块→应用,8寸SiC衬底、外延炉、SiC MOSFET、模块封装、栅极驱动,衬底、外延、IDM、功率模块、AI电源公司类型,中高,部分交易,车端之外的AI电源/机器人/低空第二曲线需验证,港股聆讯、车规认证、AI电源订单、产能利用率,持续亏损、第三次递表、折旧压力,2026-06-15,https://www1.hkexnews.hk/app/appindex.html
MAP-20260615-013,SPACE-2026-001,商业航天前瞻,商业航天,星箭场测用,火箭制造发射→卫星制造→地面应用,液氧甲烷发动机、箭体材料、相控阵天线、星间激光、卫星平台、地面站,商业火箭、卫星制造、相控阵、地面设备、卫星应用公司类型,中高,部分交易,市场偏看火箭发射，真正验证在发射频次/卫星批产/下游应用,试射、海南发射场、星座组网、民营IPO,试射失败、IPO不及预期、估值透支,2026-06-15,https://www.stcn.com/article/detail/3954729.html
MAP-20260617-014,MLCC-2026-001,MLCC现货加速涨价与AI服务器高容/高压需求上行,被动元件,AI硬件/被动元件,MLCC高容/高压产品、陶瓷粉体、介质材料、端电极材料,高容高压MLCC、车规/服务器级MLCC、陶瓷粉体、钛酸钡、镍电极浆料、端电极材料,MLCC龙头厂商、陶瓷粉体/介质材料公司、被动元件平台型公司,极高,充分炒作/龙头高拥挤,预期差从“涨价预期”转向“利润表验证”；中低端缺货扩散和AI服务器高容需求是二阶段观察点,涨价函、交期、原厂排产、库存水位、AI服务器订单、毛利率改善,高拥挤后回撤波动加大；若涨价不能传导到毛利率或消费电子需求低于预期，行情可能退潮,2026-06-17,TrendForce；来源URL=https://www.trendforce.com/news/2026/02/24/news-samsung-electro-mechanics-reportedly-weighs-double-digit-mlcc-price-hike-in-april-amid-ai-demand/
MAP-20260617-015,WAFER-2026-001,全球12英寸/300mm半导体大硅片进入涨价与国产扩产验证期,半导体,半导体材料,硅片（衬底材料）/12英寸晶圆厂扩产,300mm抛光片、300mm外延片、SOI硅片、单晶炉、切磨抛设备、清洗检测设备,12英寸硅片公司类型、外延片厂商、硅片设备与耗材公司、晶圆厂客户,高,部分炒作,全球三巨头涨价+国产扩产形成产业预期差；但国产厂仍亏损，盈利兑现要看价格传导和产能利用率,SEMI硅片出货、信越/SUMCO/环球晶圆报价、国产硅片订单、晶圆厂认证进度、产能利用率、毛利率与亏损收窄,国产厂价格竞争激烈、爬坡期折旧压力大、亏损持续、涨价能否传导到利润表仍需验证,2026-06-17,SEMI/西安奕材官网；来源URL=https://www.semi.org/en/semi-press-release/semi-reports-worldwide-silicon-wafer-shipments-increase-13-percent-year-on-year-in-q1-2026;https://www.eswin.com/news/newsinfo/139.html
MAP-20260617-016,GLASS-2026-001,玻璃基板/TGV产业化验证,先进封装,先进封装材料,玻璃基板/TGV/面板级封装,玻璃原片、TGV通孔、激光钻孔、PVD、化镀/电镀填铜、蚀刻/闪蚀、检测、曝光,玻璃原片公司类型、TGV设备厂商、激光设备厂商、电镀/蚀刻设备厂商、封测/面板厂,极高,充分炒作/高拥挤,预期差从概念发现转向试点线、送样、良率和量产窗口验证,试点线、中试线、送样、良率、设备订单、客户认证、量产时间表,产业化不及预期、良率爬坡慢、主题交易过热、订单难兑现,2026-06-17,https://www.digitimes.com/news/a20260616PD217/tsmc-innolux-ibiden-packaging-cowos.html
MAP-20260617-017,POWER-DC-2026-002,SST/800VDC数据中心供电,电力与算电,AI数据中心电力基础设施,中压交流直转800V直流供电,SST整机、SiC器件、高频磁件、薄膜电容、控制器、直流保护、储能接口,SST整机厂商、功率器件公司、磁性元件、电容、变压器/电力设备企业,极高,部分炒作/快速升温,从远期概念进入0-1商用订单验证，但收入占比与复制性仍是预期差,后续订单、客户复购、可靠性、成本、交付、800VDC架构渗透、收入占比,订单数量小、技术路线变化、客户资本开支下滑、海外认证和交付风险,2026-06-17,https://finance.sina.com.cn/7x24/2026-06-17/doc-inicsmhx7169359.shtml
MAP-20260617-018,FIBER-2026-001,AI数据中心光纤光缆与MPO布线需求加速,光通信与高速连接,AI数据中心光互连基础设施,Scale-out/Scale-up布线与高端光纤,A1/A2/657光纤、MPO跳线、保偏光纤、插芯、FAU、光缆、布线系统,高端光纤厂商、光缆企业、MPO/FAU组件厂商、保偏光纤公司类型,极高,快速炒作/局部高拥挤,从光模块附属分支升级为布线基础设施独立链条，验证点在长协订单与价格,海外CSP长协、国内AIDC订单、光纤价格、交期、出口需求、毛利率,CSP订单节奏低于预期、产能扩张过快、价格回落、光模块高拥挤传导,2026-06-17,https://www.aboutamazon.com/news/company-news/amazon-corning-fiber-optics-1000-jobs-north-carolina
MAP-20260617-019,CONNECT-2026-001,AI连接芯片成为算力扩展瓶颈,AI算力,AI服务器/网络芯片,Scale-up/Scale-out连接层芯片,PCIe/CXL Switch、Retimer、Ethernet PHY、交换芯片、DSP、NVLink Fusion、硅光互连芯片,连接芯片公司类型、交换芯片厂商、内存接口芯片/Retimer公司、DSP/PHY公司,高,初步炒作,算力扩展瓶颈从GPU延伸到连接层，国产替代窗口打开但客户导入需验证,NVLink Fusion生态、云厂商导入、国产芯片认证、交换芯片代际、订单与毛利率,海外巨头垄断、国产性能差距、验证周期长、估值提前反映,2026-06-17,https://investor.nvidia.com/news/press-release-details/2026/NVIDIA-AI-Ecosystem-Expands-as-Marvell-Joins-Forces-Through-NVLink-Fusion/default.aspx
MAP-20260617-020,NPO-2026-001,NPO/Scale-up光互连路线前瞻,光通信与高速连接,柜间/柜内光互连,NPO光引擎与高密度互连,NPO光引擎、硅光组件、FAU、MPO、保偏光纤、光通信测试设备、光芯片、陶瓷基板、Cage/Socket,光模块厂商类型、光芯片公司、测试设备、MPO/FAU、保偏光纤、陶瓷基板公司类型,高,初步炒作,CPO节奏分歧后NPO作为未来两年路线备选，尚未充分兑现,NPO样机、客户订单、测试设备扩产、保偏光纤用量、MPO/FAU价格和交期,技术路线变动、CPO推进快于预期、订单测算过度乐观,2026-06-17,待补
MAP-20260617-021,ABF-2026-001,ABF膜供给趋紧与国产替代验证,先进封装,ABF载板材料,ABF增层膜/类ABF膜,清漆配方、精密涂布、基底支撑膜、保护膜、FC-BGA载板材料,ABF膜垄断厂商、类ABF膜验证厂商、精密涂布公司、封装基板材料公司类型,高,部分炒作,日企垄断+扩产慢带来国产替代预期差，但客户认证和配方专利壁垒高,ABF膜交期、价格、载板长约、国产客户认证、良率、配方稳定性,国产验证不及预期、专利壁垒、客户替换意愿低、规模容量有限,2026-06-17,https://www.wsj.com/business/ai-needs-ajinomotos-film-but-its-ceo-wont-raise-prices-just-because-90d4782b
MAP-20260617-022,ROBOT-2026-002,Physical AI与机器人量产链验证,机器人,具身智能/工业机器人,量产供应链与工业场景验证,执行器、谐波减速器、丝杠、轴承、电机、视觉/触觉、PEEK、绕线设备、工业操作系统,本体厂、执行器总成、减速器、丝杠、传感器、工业AI平台、轻量化材料、设备厂商类型,高,部分炒作/反复轮动,从IPO催化转向订单、产能、良率与工业场景验证,PPA回函、项目书、周度订单、产线调试、海外产能、良率、毛利率、客户场景,量产延期、成本过高、订单不及预期、估值拥挤、科创不可参与限制,2026-06-17,https://nvidianews.nvidia.com/news/nvidia-open-humanoid-robot-reference-design
MAP-20260617-023,FAB-2026-001,晶圆代工涨价与产能再分配,半导体,晶圆代工,先进/成熟制程涨价与转单,3nm/先进制程、28/40/65nm成熟制程、BCD、PMIC、MOS、硅光/特殊存储,晶圆代工厂、特色工艺厂、PMIC/MOS设计公司类型,中高,初步炒作,AI订单挤占产能，成熟制程与国产晶圆厂承接转单，但涨价幅度需核验,报价、ASP、产能利用率、客户排产、转单、净利率、资本开支,传闻失真、需求不及预期、扩产过快、价格无法落地,2026-06-17,待补
MAP-20260617-024,FILM-2026-001,半导体与被动元件高端薄膜国产替代,新材料,高端功能膜,MLCC/电容/封装耗材,MLCC离型膜、超薄BOPP电容膜、电子级POE封装膜、半导体电子胶、涂布设备,离型膜公司、电容膜公司、POE膜/电子胶企业、无尘涂布企业类型,中,初步炒作,小赛道国产替代，产业容量和客户认证是核心预期差,客户认证、订单、良率、国产化率、毛利率、下游MLCC/电容需求,容量有限、认证周期长、导入不及预期、主题过热,2026-06-17,待补
MAP-20260617-025,WF6-2026-001,六氟化钨涨价与国产替代,半导体,电子特气,CVD用高纯电子特气,六氟化钨、高纯钨粉、三氟化氮、电子特气纯化、包装与运输,电子特气公司、钨粉供应商、晶圆厂材料供应商类型,高,快速炒作/局部高拥挤,价格涨幅已高，后续预期差在长协、国产替代和利润表兑现,海关出口均价、日企停产、客户长协、价格、毛利率、开工率,涨价回落、替代材料、客户压价、扩产和进口恢复,2026-06-17,https://www.cls.cn/detail/2400326
MAP-20260617-026,PCB-2026-002,PCB/CCL上游材料与设备扩展,光通信与高速连接,AI PCB上游,材料涨价与扩产设备链,硅微粉、PTFE、PPO、阻燃剂、LDI曝光、载体铜箔、mSAP、锡膏、电镀设备、自动化设备、钻针/钨棒,材料公司类型、PCB设备公司、钻针/钨材公司、自动化设备公司类型,极高,充分炒作/高拥挤,从CCL/电子布向硅微粉、PTFE、mSAP和小辅材扩散，但需业绩验证,涨价函、交期、订单、Q2/Q3毛利率、产能利用率、良率,扩散过快、利润无法兑现、下游需求不及预期、高位回撤,2026-06-17,待补/产业材料汇总
MAP-20260617-027,MLCC-2026-001,MLCC结构性短缺上游扩展,被动元件,AI服务器被动元件,高容高压MLCC与上游材料,陶瓷粉体、钛酸钡、氧化镝、镍浆、端电极、离型膜、高容/高压料号,MLCC原厂、陶瓷粉体公司、稀土材料公司、离型膜公司、代理商类型,极高,充分炒作/高拥挤,预期差从涨价预期转向原厂价、交期、良率、毛利率验证,原厂价、现货价、交期、代理库存、良率、上游材料价格、毛利率,高位拥挤、价格回落、消费电子需求弱、上游成本挤压,2026-06-17,TrendForce/待补
MAP-20260618-001,AI-RENT-2026-001,算力租赁与Token工厂商业模式扩散,AI算力,AI基础设施运营,算力租赁/Token工厂,GPU算力池、AIDC、运营商Token套餐、GPU租赁价格指数、算力期货,绑定CSP/运营商/大模型客户的算力租赁商、AIDC运营商、Token运营平台,中高,部分交易,从硬件买卖转向算力运营，关注续约与毛利率,GPU租赁价格、Token用量、续约率、算力期货流动性、单机柜电力成本,价格波动、客户集中、算力卡残值、政策监管、融资成本,2026-06-18,https://www.cmegroup.com/media-room/press-releases/2026/5/12/cme_group_and_silicondatapartnertolaunchfirstcomputefutures.html
MAP-20260618-002,CPU-AI-2026-001,Agent时代AI服务器CPU价值量重估,AI算力,AI服务器系统架构,CPU/调度/内存接口,服务器CPU、内存接口芯片、整机、Agent调度软件,服务器CPU厂商、国产CPU厂商、内存接口芯片、服务器整机厂商,中,局部交易,Agent工作负载可能提升CPU占比，但需订单验证,CPU涨价/交期、云厂商配置比例、国产CPU中标、服务器BOM变化,GPU仍主导训练/推理，CPU占比提升可能被夸大,2026-06-18,用户上传文件：行业信息梳理.txt
MAP-20260618-003,PCB-2026-002,PCB半导体化与正交背板技术路线赛马,光通信与高速连接,AI PCB/先进互联,mSAP/正交背板/CoWoP,载体铜箔、HVLP4/5、Q布、M9/M10、PTFE混压、金刚石钻针、LDI、电镀,AI PCB厂商、高端铜箔、电子布、树脂、钻针、PCB设备厂商,极高,充分交易,不是单一电子布涨价，而是PCB工艺向半导体级逼近,Rubin/Kyber背板方案、客户认证、Q布/二代布/混压量产、铜箔加工费、钻针用量,技术路线未定，市场可能过早押注单一材料；高拥挤,2026-06-18,用户上传文件：行业信息梳理.txt
MAP-20260618-004,POWER-DC-2026-002,SST/HVDC/MFT数据中心供电架构,电力与算电,AI数据中心供电,SST/HVDC/MFT,800V HVDC、电源柜、固态变压器、高频隔离变压器、SiC/GaN、电容、磁材、直流接入,HVDC模块厂商、SST整机厂商、MFT磁性元件、SiC器件、电容、磁材、储能集成商,高,快速升温,从缺电主题升级到供电架构变革,CSP forecast、样机/认证、台达/伊顿链条、1GW级订单、毛利率、故障率,商业化节奏、认证周期、客户集中、技术可靠性,2026-06-18,用户上传文件：行业信息梳理.txt
MAP-20260618-005,GLASS-2026-001,玻璃基板/TGV产业化验证,先进封装,玻璃基先进封装,CoPoS/Glass-Core/TGV,玻璃原片、TGV激光钻孔、金属化/电镀、玻璃基封装载板、面板级封装,玻璃原片厂、面板厂、TGV设备、封测厂、先进封装材料厂,极高,高拥挤,产业趋势清晰但量产时间偏远，设备先行更早验证,BOE-Corning MOU、TSMC/Intel/三星电机中试线、TGV良率、客户样品、2028-2029量产窗口,量产进度慢、成本/良率、路线从玻璃转回ABF/硅中介层,2026-06-18,https://www.digitimes.com/news/a20260521PD228/boe-packaging-corning-ai-chip-display.html
MAP-20260618-006,MICROLED-OPT-2026-001,MicroLED光通信方案,光通信与高速连接,AI中短距互联,MicroLED宽而慢光互联,MicroLED发光矩阵、硅基CMOS/透镜、多芯光纤、光耦合、TGV封装、先进封装,MicroLED芯片、CMOS传感/驱动、精密光学、多芯光纤、光耦合、封装厂商,低中,局部交易,远期路线，短期不替代光模块,行业标准、样机、10-50m互联场景、成本、功耗、耦合良率,标准未统一、耦合难、商业化慢,2026-06-18,用户上传文件：行业信息梳理.txt
MAP-20260618-007,ROBOT-2026-002,Physical AI与机器人量产链验证,机器人,人形机器人/Physical AI,量产订单与核心零部件,执行器、减速器、丝杠、电子皮肤、灵巧手、PEEK、产线设备、仿真/世界模型,本体厂、T链/国产链零部件、电子皮肤、工业软件与仿真平台,高,反复交易,从主题切换到订单、PPA、产能与良率验证,供应链PPA/订单、周度产量、Optimus/宇树/智元量产节奏、海外产能、毛利率,小作文多、订单口径不清、量产延期,2026-06-18,用户上传文件：行业信息梳理.txt
MAP-20260618-008,SEMI-CHEM-2026-001,半导体化学品/特气涨价链,半导体,半导体制造材料,湿电子化学品/特气,无水氢氟酸、电子级HF、氦气、电子特气、WF6、靶材、前驱体,电子级化学品厂商、特气厂商、高纯材料认证企业,中,局部交易,价格上涨需进入客户认证和利润表,涨价函、供应中断、纯度等级、客户导入、毛利率、国产替代比例,涨价短期化、产品等级不匹配、产能释放,2026-06-18,用户上传文件：行业信息梳理.txt
MAP-20260618-SW-101,AI-RENT-2026-002,国内GPU租赁价格与CSP Capex扩张节奏验证,AI应用基础设施,算力租赁/GPU云服务,上游资源,GPU/AI服务器、IDC机柜、电力、液冷、光模块/交换机,IDC运营商、AIDC运营商、服务器集成商、电力/液冷配套；定位样本：润泽科技、数据港、奥飞数据、光环新网,中高,部分交易,算力供给紧张向价格与续约传导,CSP Capex、上电机柜、GPU可用率、PUE、液冷渗透,电力瓶颈、融资成本、GPU折旧,2026-06-18,公开新闻+用户材料
MAP-20260618-SW-102,AI-RENT-2026-002,国内GPU租赁价格与CSP Capex扩张节奏验证,AI应用基础设施,算力租赁/GPU云服务,中游平台,GPU云平台、算力调度、资源编排、计费/结算,GPU云服务商、云平台、算力调度中间件；定位样本：优刻得、青云科技,中,局部交易,从卖时长转向套餐/Token/算力池调度,GPU小时租金、上架率、客户续约、API调用成本,价格下行、客户集中、利用率波动,2026-06-18,用户材料
MAP-20260618-SW-103,AI-RENT-2026-002,国内GPU租赁价格与CSP Capex扩张节奏验证,AI应用基础设施,算力租赁/GPU云服务,下游需求,大模型训练/推理、AI Agent、企业应用、AIGC出海,模型厂、AI应用厂商、企业客户、科研机构,中高,持续升温,AI应用用量决定算力服务收入弹性,Token消耗、推理请求数、企业付费客户、续约率,应用变现不及预期,2026-06-18,Microsoft/Google/Reuters等公开资料
MAP-20260618-SW-104,TOKEN-2026-001,Token工厂与算力金融化定价体系形成,AI应用基础设施,Token工厂/算力金融化,上游定价,GPU租赁价格指数、算力交割合约、算力资产评估,交易所/指数编制方、算力报价平台、第三方估值机构,中,概念升温,算力从运营成本变成可定价资产,compute futures进展、报价连续性、指数透明度,流动性不足、标准不统一,2026-06-18,CME官方
MAP-20260618-SW-105,TOKEN-2026-001,Token工厂与算力金融化定价体系形成,AI应用基础设施,Token工厂/算力金融化,中游运营,Token工厂、算力调度、结算、FinOps,Token运营商、算力租赁平台、运营商/云服务商,中,部分交易,从小时租赁到按Token/结果结算,Token单价、单位推理成本、毛利率、客户留存,客户需求波动、合规和结算风险,2026-06-18,用户材料
MAP-20260618-SW-106,TOKEN-2026-001,Token工厂与算力金融化定价体系形成,AI应用基础设施,Token工厂/算力金融化,下游场景,Agent调用、AI客服、AI营销、代码生成、内容生产,AI SaaS、Agent平台、企业软件厂商,中,局部交易,Agent用量增长带来算力金融化需求,Agent调用量、活跃席位、API消耗、付费转化,AI应用未形成商业闭环,2026-06-18,Microsoft Work Trend/Reuters
MAP-20260618-SW-107,AI-SAAS-2026-001,企业级AI SaaS从席位订阅向Agent/结果付费转型,AI应用,AI SaaS/企业软件,上游模型/API,大模型API、向量数据库、数据连接器、权限治理,模型服务商、Agent平台、RAG基础设施,中高,已交易,模型能力商品化后，应用层需要工作流和数据优势,API成本、模型路由、私有部署、数据连接器数量,同质化、推理成本过高,2026-06-18,Google/Microsoft/Gartner
MAP-20260618-SW-108,AI-SAAS-2026-001,企业级AI SaaS从席位订阅向Agent/结果付费转型,AI应用,AI SaaS/企业软件,中游应用,办公SaaS、ERP/CRM、营销/客服、内容创作,办公SaaS、企业软件、AI原生应用；定位样本：金山办公、用友网络、万兴科技、福昕软件、致远互联,中,局部交易,从功能发布转向ARR/ARPU验证,AI功能付费率、ARR、NRR、付费席位、毛利率,客户不愿为AI单独付费,2026-06-18,Reuters Salesforce/用户给定池
MAP-20260618-SW-109,AI-SAAS-2026-001,企业级AI SaaS从席位订阅向Agent/结果付费转型,AI应用,AI SaaS/企业软件,下游客户,大中型企业、政企、销售/客服/财务/研发部门,企业客户、政企客户、SMB客户,中,未充分交易,ROI明确的场景先落地,部署周期、续约率、员工使用率、流程替代率,合规和组织阻力,2026-06-18,Microsoft Work Trend
MAP-20260618-SW-110,AI-SAAS-2026-002,AI办公与内容生产平台商业化验证,AI应用,AI办公/内容生产,上游能力,文档理解、PDF解析、图像/视频生成、语音识别,AI模型/API、OCR/多模态模型、素材库,中,局部交易,内容生产场景率先形成付费,DAU/MAU、生成次数、导出/保存率,免费工具竞争,2026-06-18,Google I/O/Microsoft
MAP-20260618-SW-111,AI-SAAS-2026-002,AI办公与内容生产平台商业化验证,AI应用,AI办公/内容生产,中游产品,办公套件、PDF、协同办公、创意软件,办公SaaS、PDF软件、AIGC工具；定位样本：金山办公、福昕软件、万兴科技,中,局部交易,AI插件能否提升ARPU和续费,付费席位、AI会员价格、企业版续费,推理成本吞噬毛利,2026-06-18,用户给定池
MAP-20260618-SW-112,AI-SAAS-2026-002,AI办公与内容生产平台商业化验证,AI应用,AI办公/内容生产,下游渠道,企业采购、教育/个人订阅、创作者生态,企业IT采购、个人订阅、渠道代理,中,未充分交易,C端热度向B端续费转化,企业合同、渠道动销、净收入留存,盗版/免费替代,2026-06-18,公开资料
MAP-20260618-SW-113,AI-AGENT-2026-001,Agentic AI基础设施从试点走向企业部署,AI应用,Agent基础设施,上游基础,模型、工具API、权限系统、审计和安全,大模型厂、身份权限、API连接器、安全治理平台,高,已炒作,Agent落地核心在工具链和治理,工具调用成功率、权限隔离、审计日志、失败率,安全事故、幻觉和越权调用,2026-06-18,Gartner/Microsoft
MAP-20260618-SW-114,AI-AGENT-2026-001,Agentic AI基础设施从试点走向企业部署,AI应用,Agent基础设施,中游平台,多Agent协作、工作流编排、Agent管理平台,Agent开发平台、工作流编排、低代码平台；定位样本：科大讯飞、昆仑万维、拓尔思,高,已炒作,平台化胜过单一聊天机器人,PoC转生产比例、任务完成率、客户留存,部署复杂、ROI不明确,2026-06-18,Gartner/用户给定池
MAP-20260618-SW-115,AI-AGENT-2026-001,Agentic AI基础设施从试点走向企业部署,AI应用,Agent基础设施,下游场景,客服、营销、软件开发、办公、知识管理,企业客户、呼叫中心、销售团队、研发团队,中高,部分交易,可量化降本场景先兑现,解决率、工单自动化率、开发效率、人工替代率,客户体验和监管,2026-06-18,Reuters Salesforce
MAP-20260618-SW-116,AI-AGENT-2026-002,企业RAG、向量数据库与知识图谱底座建设,AI应用,RAG/知识工程,上游数据,企业文档、邮件、IM、CRM、ERP、代码库,数据连接器、ETL、数据治理、数据安全厂商,中,未充分交易,企业私有数据是Agent壁垒,数据接入源数量、清洗质量、权限体系,数据孤岛、隐私合规,2026-06-18,EnterpriseRAG-Bench
MAP-20260618-SW-117,AI-AGENT-2026-002,企业RAG、向量数据库与知识图谱底座建设,AI应用,RAG/知识工程,中游检索,向量数据库、混合检索、知识图谱、重排序,向量数据库、知识图谱、搜索引擎；定位样本：拓尔思、海天瑞声,中,局部交易,RAG质量决定Agent可用性,召回率、准确率、延迟、成本,误检索、跨租户泄露,2026-06-18,arxiv/用户给定池
MAP-20260618-SW-118,AI-AGENT-2026-002,企业RAG、向量数据库与知识图谱底座建设,AI应用,RAG/知识工程,下游应用,企业知识问答、合规审查、智能客服、研发助手,企业软件、政企知识库、行业知识服务商,中,局部交易,私有知识库项目可复制性,项目数量、续费、行业模板、交付周期,定制化重、毛利率低,2026-06-18,Microsoft/Gartner
MAP-20260618-SW-119,EDGE-AI-2026-001,AI PC/AI手机/端侧NPU出货与渗透率验证,消费电子与端侧AI,端侧AI硬件,上游芯片,SoC/NPU、存储、传感器、连接芯片、电源管理,AI SoC厂商、NPU IP、存储/传感器供应商,中高,已交易,NPU规格升级带动半导体和存储需求,AI PC渗透率、NPU TOPS、SoC出货、存储容量,功能同质化、成本过高,2026-06-18,Counterpoint/IDC等
MAP-20260618-SW-120,EDGE-AI-2026-001,AI PC/AI手机/端侧NPU出货与渗透率验证,消费电子与端侧AI,端侧AI硬件,中游制造,模组、ODM、整机、系统软件适配,ODM、模组厂、终端品牌供应链；定位样本：AI SoC、模组、ODM公司类型,中,局部交易,端侧模型本地运行提高硬件价值量,终端出货、BOM提升、AI功能使用率,换机需求不足,2026-06-18,Google/Apple发布会
MAP-20260618-SW-121,EDGE-AI-2026-001,AI PC/AI手机/端侧NPU出货与渗透率验证,消费电子与端侧AI,端侧AI硬件,下游入口,AI手机、AI PC、AI眼镜、AI耳机、车载终端,终端品牌、渠道、AI应用生态,中高,已交易,端侧入口可能拉动云端推理和AI SaaS,活跃用户、AI功能使用次数、付费应用,发布即高峰，销量不达预期,2026-06-18,Google I/O/WWDC
MAP-20260618-SW-122,EDGE-AI-2026-002,AI眼镜与Android XR成为端侧AI新入口,消费电子与端侧AI,AI眼镜/XR,上游器件,SoC、摄像头、麦克风、显示/光波导、电池、无线连接,芯片、光学、声学、电池、模组厂商,中,局部交易,轻量化和续航是瓶颈也是机会,重量、续航、BOM、良率,佩戴体验不达标,2026-06-18,Google Android XR官方
MAP-20260618-SW-123,EDGE-AI-2026-002,AI眼镜与Android XR成为端侧AI新入口,消费电子与端侧AI,AI眼镜/XR,中游产品,AI音频眼镜、显示眼镜、Android XR平台,终端品牌、ODM、Android XR生态伙伴,中,局部交易,生态开放可能复制Android手机路径,新品发布、出货量、开发者数量,生态未成形,2026-06-18,Google Android XR
MAP-20260618-SW-124,EDGE-AI-2026-002,AI眼镜与Android XR成为端侧AI新入口,消费电子与端侧AI,AI眼镜/XR,下游应用,导航、翻译、拍摄、会议、语音助手、Agent入口,AI应用、生活服务、办公协同、内容平台,中,未充分交易,Always-on入口提升Token消耗,日活、佩戴时长、应用留存、Token调用量,隐私和社交接受度,2026-06-18,Omdia/Google
MAP-20260618-SW-125,AI-DATA-2026-001,AI训练数据、数据标注与合成数据需求重估,AI应用,AI数据服务,上游原始数据,文本、图片、视频、语音、行业私有数据、传感器数据,数据拥有方、数据交易平台、行业数据库,中,局部交易,高质量数据成为模型差异化资源,数据授权、数据交易额、数据集采购,版权/隐私争议,2026-06-18,arxiv/政策观察
MAP-20260618-SW-126,AI-DATA-2026-001,AI训练数据、数据标注与合成数据需求重估,AI应用,AI数据服务,中游加工,数据标注、清洗、评测、合成数据生成,数据标注公司、合成数据平台、模型评测服务；定位样本：海天瑞声、每日互动,中,局部交易,合成数据替代人工标注但质量需验证,标注单价、合成数据占比、评测订单,隐私保护不足、质量退化,2026-06-18,用户给定池+论文
MAP-20260618-SW-127,AI-DATA-2026-001,AI训练数据、数据标注与合成数据需求重估,AI应用,AI数据服务,下游模型,训练/微调/评测、Agent记忆、企业知识库,模型厂、AI应用、企业客户,中,未充分交易,数据质量影响模型和Agent能力,训练集规模、评测分数、模型迭代频率,数据污染、版权诉讼,2026-06-18,EnterpriseRAG/Synthetic Data论文
MAP-20260618-SW-128,AI-DATA-2026-002,数据合规、版权与隐私约束下的数据资产化,AI应用,数据合规/数据资产,上游合规,版权授权、隐私计算、脱敏、数据确权,法律合规、隐私计算、数据治理厂商,中,未充分交易,AI应用规模化后合规变刚需,政策文件、诉讼、授权协议,监管不确定,2026-06-18,arxiv/政策观察
MAP-20260618-SW-129,AI-DATA-2026-002,数据合规、版权与隐私约束下的数据资产化,AI应用,数据合规/数据资产,中游平台,数据交易所、授权管理、审计、数据资产登记,数据交易平台、企业数据管理平台,中,局部交易,数据资产化可能形成新商业模式,交易额、入表规则、审计标准,定价困难,2026-06-18,公开政策观察
MAP-20260618-SW-130,AI-DATA-2026-002,数据合规、版权与隐私约束下的数据资产化,AI应用,数据合规/数据资产,下游场景,金融、医疗、政务、工业、客服、营销,行业AI应用、垂直模型、政企客户,中,未充分交易,合规行业更需要私有化与数据服务,项目验收、续约、监管备案,交付慢、毛利率低,2026-06-18,用户材料
MAP-20260621-001,SEMI-2026-005,铟出口审查/磷化铟供应链,半导体,半导体材料/战略资源,磷化铟衬底/高纯铟,7N高纯铟、磷化铟衬底、InP外延片、光芯片,磷化铟衬底厂商、高纯铟提纯企业、锌冶炼副产铟企业,高,部分交易,金属铟正式管制将从审查升级为实质限制,管制清单变动、海外备货、铟价、衬底交期,审查未必升级为禁令，短期炒作可能过热,2026-06-21,路透社/东吴计算机
MAP-20260621-002,SEMI-2026-006,功率半导体涨价周期,半导体,功率半导体,IGBT/MOSFET/SiC,IGBT模块、MOSFET分立器件、SiC衬底、功率半导体代工,功率半导体IDM/代工、SiC衬底厂、汽车Tier1,高,部分交易,涨价持续性和幅度超市场预期,涨价函、毛利率、库存天数、代工稼动率,太阳能需求疲弱可能拖累部分品类,2026-06-21,摩根士丹利/行业数据
MAP-20260621-003,MLCC-2026-001,被动元件涨价扩散至芯片电阻,被动元件,芯片电阻,芯片电阻/Chip-R,厚膜/薄膜芯片电阻、精密电阻,芯片电阻厂商（台系/陆系）,中高,初步交易,台陆价差收敛可能触发台厂下一波涨价,涨价函、交期、库存、台陆价差,消费电子需求不及预期,2026-06-21,行业媒体
