事件,事件时间,一级赛道,事件状态,第一阶段最先上涨方向,第二阶段扩散方向,第三阶段影子/补涨方向,持续周期,有效方向,退潮信号,最终结论,更新时间
外盘AI拥挤去杠杆,2026-06-10起,AI算力/全球科技,进行中,先杀外盘半导体/AI基础设施高估值,传导至A股CPO、PCB、存储、半导体高位,资金切向电力防守、机器人、低位材料或其他防御,1周-1个月待验证,订单和CAPEX没有下修的硬件瓶颈仍有效,云CAPEX下修、订单砍单、核心龙头连续破位,主线从无脑景气交易进入订单/现金流/估值验证期,2026-06-15
PCB上游涨价传导,2026-06,PCB/CCL/新材料,超预期,电子布、玻纤、树脂先涨,扩散至CCL、PCB整板、特种钻针,再扩散到低位材料、铜箔、设备,2-6周待验证,能涨价且毛利率兑现的材料/整板方向,涨价不再传导、库存转高、客户压价,强度来自涨价，但短线拥挤上升，必须看利润兑现,2026-06-15
长鑫IPO过会,2026-05-27,存储,已兑现,DRAM、存储概念、设备,半导体材料、洁净室、封测、模组,参股/弱关联影子股,1-3个月,设备材料订单与存储价格共振方向,注册发行慢、存储价格回落、影子股退潮,过会不是终点，注册发行和募投订单才是二阶段,2026-06-15
长江存储IPO辅导,2026-05-19,存储/NAND,辅导中,NAND链、国产存储二次催化,设备、材料、洁净室、封测、控制芯片,弱关联NAND影子,1-6个月,正式申报与三期扩产能带动的硬供应链,未如期申报、NAND价格回落,权重上调，但正式申报需继续核验,2026-06-15
宇树IPO过会,2026-06-01,机器人,已兑现,整机、人形机器人主题,执行器、运动控制、电机、减速器、丝杠,低位机器人概念,1-3个月,执行器、运动控制、灵巧手等高价值部件,注册迟滞、供应链无订单、主题股退潮,从主题切换到订单和利润验证,2026-06-15
迎峰度夏,2026-06至08,电力与算电,预热中,火电/水电季节性,电网调度、储能、虚拟电厂、绿电直连,地方电力情绪股,1-3个月,有发电量/电价/成本支撑的防守方向,煤价上行、电价下降、来水不足,适合防守波段观察，不是科技第一进攻主线,2026-06-15
MLCC涨价与AI服务器用量提升,2026-05起,被动元件/AI硬件,超预期/加速交易,先涨高容高压MLCC与被动元件龙头,扩散到陶瓷粉体、介质材料、端电极材料,低位被动元件补涨与泛AI硬件影子方向,待统计,涨价能传导到毛利率、订单排产明确的环节,涨价函减少、交期缩短、毛利率未改善、龙头高位放量回落,涨价类事件不能只看价格，后续进入利润验证阶段；高拥挤环节不降低验证门槛,2026-06-17
12英寸半导体大硅片涨价与国产扩产,2026-06起,半导体材料,涨价进行中/扩产潮,先交易全球硅片涨价与国产替代,扩散到外延片、SOI、硅片设备与耗材,国产12英寸硅片低位扩散与晶圆厂扩产影子方向,待统计,产能利用率提升、客户认证推进、亏损收窄的硅片材料链,国产价格竞争加剧、折旧压力大、涨价无法传导到利润表,硅片链属于“涨价+国产扩产”双逻辑，但国产厂盈利质量需要逐季验证,2026-06-17
光通信高拥挤回调与技术路线分歧,2026-06中旬,光通信与高速连接,进行中,CPO/光模块前排先涨，随后光纤光缆、MPO、NPO、连接芯片扩散,光纤长协、MPO/FAU、保偏光纤、测试设备、连接芯片,低位光通信、专网/军工光通信、影子股,1-4周待验证,订单、长协、技术路线和价格能验证的环节,SemiAnalysis扰动后核心无法修复、订单/良率不及预期、CSP CAPEX下修,不是AI主线证伪，而是高拥挤后进入技术节奏和订单验证。,2026-06-17
PCB/玻璃基板前锋过热复盘,2026-06中旬,PCB/先进封装/新材料,进行中,PCB、CCL、电子布、玻璃基板/TGV率先冲高,硅微粉、PTFE、mSAP、LDI曝光、钻针/钨棒、小辅材、TGV设备,低位材料影子股、泛玻璃/泛封装概念,2-8周待验证,涨价函、交期、毛利率和设备订单能兑现的环节,涨价无法传导、下游需求走弱、玻璃基板良率不及预期,前锋部队已高拥挤，后续不看故事，看利润表和客户认证。,2026-06-17
SST/800VDC 0-1订单复盘,2026-06-17,电力与算电,已发生/待跟踪,SST整机和电力设备先反应,SiC、磁件、电容、直流保护、变压器、储能扩散,泛电力设备、数据中心供电影子股,1-3个月待验证,后续订单和客户复购,订单仅一次性、海外交付受阻、800VDC路线推迟,SST从远期概念进入订单验证，但不能按规模化放量处理。,2026-06-17
半导体材料涨价链复盘,2026Q2,半导体材料,进行中,WF6、硅片、靶材、电子化学品先反应,前驱体、光刻胶、氢氟酸、PFA/PTFE等材料扩散,泛化工/泛半导体材料影子股,1-6个月待验证,有价格、长协、客户认证和毛利率兑现的环节,价格回落、国产客户导入慢、供应恢复、估值过热,涨价链必须按预期差到利润验证处理，目标市值和空间测算剔除。,2026-06-17
2026年3-5月AI硬件早期信号扩散复盘,2026-03-31至2026-05-22,AI算力/半导体/光通信,历史早期信号回填,光模块/CPO、国产算力、PCB前排,PCB上游、铜箔、电子布、MLCC、光纤、SST/HVDC、玻璃基板,MicroLED光通信、法拉第旋光片、氢氟酸/氦气、工业软件、AI SoC、算力租赁,2026-04至06月，后续继续观察,能被订单、涨价、客户认证、毛利率验证的硬件瓶颈,只有传闻无订单、价格无法传导、技术路线被证伪、核心股高拥挤后持续破位,新增早期信号层后，数据库从热点记录升级为早期信号-产业验证-市场交易-修正的跟踪系统,2026-06-18
PCB半导体化/正交背板路线复盘,2026-04至2026-05,PCB/先进互联,进行中,PCB整板、电子布、铜箔,mSAP、载体铜箔、HVLP4/5、树脂、Q布、钻针,油墨、药水、设备、玻璃珠、金刚石钻针,3-9个月待验证,客户认证明确、产能紧、加工费上行且毛利率兑现的环节,正交背板路线推迟、客户改用替代方案、涨价不再传导,PCB不是单一涨价链，而是向半导体级互联介质升级；技术路线未定，需提高验证门槛,2026-06-18
AI软件与服务层补录,2026-06-18,AI应用/AI基础设施,补录完成,算力租赁/Token工厂最先被市场交易,Agent基础设施、AI SaaS、端侧AI扩散,数据服务、合成数据、RAG/知识图谱补涨,预计6-12个月验证,算力租赁、Agent基础设施、AI SaaS付费转化、端侧AI出货,GPU租赁价格下行、AI SaaS付费率低、Agent项目停留PoC、端侧AI销量不及预期,软件层应作为硬件需求端和商业模式验证层，而不是替代硬件主线。,2026-06-18
