sector_id,theme,sub_sector,stage,wave_number,wave_position,signal_stock_code,catalyst_quality,ai_correlation,priority,style_position,event_map_status,last_updated,note
equipment_etch_cvd,半导体全链,刻蚀/薄膜沉积设备,主升期,2,主升中,002371,结构性,positive,2,中高位,,2026-06-01,
equipment_measure,半导体全链,量测检测设备,主升期,1,主升早,300604;300567,结构性,positive,1,中位,,2026-06-18,长川+26%精测+36%已进入主升
equipment_cmp_clean,半导体全链,CMP/清洗/涂胶显影设备,整理期,2,调整,,,positive,2,中位,,2026-06-01,
equipment_packaging,半导体全链,封装/测试设备,主升期,1,主升早,300316,结构性,positive,2,中位,,2026-06-01,
material_wafer,半导体全链,大硅片,主升期,2,主升早,600206,,positive,3,中位,涨价进行中★★★★★,2026-06-18,硅片涨价confirmed
material_photoresist,半导体全链,光刻胶,主升期,2,主升早,603650,结构性,positive,2,中位,,2026-06-01,
material_specialty_gas,半导体全链,电子特气/特种气体,启动期,1,启动,002409,结构性,positive,1,低中位,,2026-06-01,
material_wet_chemicals,半导体全链,湿电子化学品（电子级酸碱）,启动期,1,启动,300236,结构性,positive,1,低位,,2026-06-01,
material_photomask,半导体全链,光掩模版,启动期,1,启动,,事件型,positive,1,低位,,2026-06-01,
material_precursor,半导体全链,ALD/CVD前驱体,启动期,1,启动,,结构性,positive,1,低位,,2026-06-01,
material_target,半导体全链,靶材,整理期,2,调整,300666,,positive,3,中位,,2026-06-01,
material_cmp_slurry,半导体全链,CMP抛光液/抛光垫,整理期,2,调整,300054,,positive,3,中位,,2026-06-01,
material_quartz,半导体全链,石英玻璃/陶瓷零部件,主升期,2,主升早,603185,结构性,positive,2,中位,,2026-06-01,
material_substrate,半导体全链,封装载板/基板,启动期,1,启动,002916,结构性,positive,1,低中位,,2026-06-01,
material_bond_wire,半导体全链,键合线,整理期,2,调整,,,positive,3,中位,,2026-06-01,
design_eda_ip,半导体全链,EDA/IP设计工具,启动期,1,启动,301269,事件型,positive,1,低位,,2026-06-01,
design_logic,半导体全链,逻辑芯片（CPU/GPU/NPU）,调整期,2,调整,300474;603893,结构性,positive,3,中位,,2026-06-07,
design_memory_hbm,半导体全链,存储/HBM相关,主升期,2,主升早,603986,结构性,positive,1,中位,,2026-06-01,
design_analog,半导体全链,模拟芯片,整理期,2,调整,300661;300782,,positive,3,中位,,2026-06-01,
design_fpga,半导体全链,FPGA,启动期,1,启动,002049,事件型,positive,2,低中位,,2026-06-01,
foundry,半导体全链,晶圆代工,主升期,2,主升早,,结构性,positive,2,中位,,2026-06-01,
packaging_advanced,半导体全链,先进封装（含HBM封测）,主升期,2,主升早,002156;600584,结构性,positive,1,中位,,2026-06-01,
hbm_ecosystem,半导体全链,HBM产业链（封测/材料/接口）,主升期,1,主升早,002156;002409,结构性,positive,1,中位,,2026-06-01,
sic_gan,半导体全链,第三代半导体（SiC/GaN）,整理期,2,调整,603290;600703,,positive,2,中位,,2026-06-01,
diamond_substrate,半导体全链,金刚石功能材料（第四代候选）,启动期,1,启动,301071,事件型,positive,2,低位,,2026-06-01,
precision_parts,半导体全链,半导体精密零部件/腔体管路,主升期,1,主升中,603076,结构性,positive,2,低位,,2026-06-18,神工+54%富创+22%已过启动期
humanoid_body,机器人,人形机器人整机/本体,整理期,3,调整,002747,,positive,2,高位,,2026-06-01,
humanoid_parts,机器人,人形机器人核心零部件,整理期,2,调整,300124;002050,结构性,positive,2,中位,,2026-06-08,
industrial_robot,机器人,工业机器人/自动化,整理期,2,调整,,,positive,3,中位,,2026-06-01,
machine_vision,机器人,机器视觉,整理期,2,调整,002415,,positive,3,中位,,2026-06-01,
cnc_machine_tools,机器人,工业母机/高端数控机床,整理期,1,调整,605086,,positive,2,中位,,2026-06-01,
ai_chip,AI算力+算电协同+数据中心互联,AI芯片国产替代,主升期,2,主升中,,结构性,positive,1,中高位,,2026-06-01,
ai_infra,AI算力+算电协同+数据中心互联,AI算力基础设施（服务器/存储）,主升期,2,主升早,601138,结构性,positive,1,中高位,,2026-06-08,
ai_application,AI算力+算电协同+数据中心互联,AI应用/大模型/智能体SaaS,调整期,2,调整,002230,事件型,positive,2,中高位,ARR验证期,2026-06-18,金山办公-34%科大讯飞-21%
physical_ai,AI算力+算电协同+数据中心互联,物理AI/具身智能软件,启动期,1,启动,,结构性,positive,1,低中位,,2026-06-01,
power_grid,AI算力+算电协同+数据中心互联,算电协同—电网设备/变压器/特高压,调整期,2,调整,600816;600089,结构性,positive,2,中位,,2026-06-06,
power_ups_cooling,AI算力+算电协同+数据中心互联,算电协同—UPS/精密温控/液冷,调整期,1,调整,002335;002837,结构性,positive,1,低中位,,2026-06-18,英维克半年-30%，已非主升
optical_module_cpo,AI算力+算电协同+数据中心互联,光模块/CPO/硅光,主升期,2,主升中,300308;300394,结构性,positive,1,中高位,充分交易/高拥挤,2026-06-07,
pcb_ai_server,AI算力+算电协同+数据中心互联,AI服务器高速PCB/覆铜板/铜箔,主升期,1,主升早,002463;300476;600176,结构性,positive,1,中高位,充分交易/高拥挤/利润验证期,2026-06-15,
fiber_optical_dc,AI算力+算电协同+数据中心互联,光纤光缆/数据中心骨干互联,整理期,2,调整,600522;600487,结构性,positive,2,中位,,2026-06-01,
ai_network_infra,AI算力+算电协同+数据中心互联,AI网络交换机/高速铜互联/连接器,整理期,2,调整,000063;002475,,positive,2,中位,,2026-06-15,
power_nuclear,AI算力+算电协同+数据中心互联,核电/核能小堆（SMR）,启动期,1,启动,601985;000777,结构性,positive,1,低中位,,2026-06-01,
satellite_comms,AI算力+算电协同+数据中心互联,卫星互联网/空天通信,整理期,1,调整,600118,事件型,positive,2,中位,,2026-06-07,
passive_components,AI算力+算电协同+数据中心互联,被动元件（MLCC/电感/电阻）,过热期,1,过热,300408;002138,结构性,positive,3,高位,充分交易/趋拥挤/高拥挤,2026-06-07,三环+239%顺络+81%
ai_chip_domestic,AI算力+算电协同+数据中心互联,国产AI芯片（科创板信号标的）,主升期,2,主升晚,688256;688041,结构性,positive,1,高位,,2026-06-01,
sensor_lidar_radar,无人驾驶,传感器（激光雷达/毫米波雷达）,整理期,1,调整,,,,2,中位,,2026-06-01,
domain_controller,无人驾驶,域控制器/智能座舱/车载算力,主升期,1,主升早,002920;300496,事件型,,1,中位,,2026-06-01,
hd_map_v2x,无人驾驶,高精地图/V2X通信,启动期,1,启动,002405,事件型,,2,低位,,2026-06-01,
robotaxi,无人驾驶,Robotaxi运营/平台,启动期,1,启动,,事件型,,1,低中位,,2026-06-01,
wind_power_equipment,电力产业链,风电设备（整机/叶片/塔筒/主轴/铸件）,调整期,2,调整,002202;601615,结构性,hybrid,3,中位,,2026-06-08,
solar_pv_system,电力产业链,光伏全链（组件/电池片/硅料/逆变器）,整理期,1,调整,601012;600438;300274,纯动量,hybrid,2,低中位,,2026-06-01,
energy_storage,电力产业链,储能系统（电芯/PCS/BMS/系统集成）,调整期,2,调整,300750;300014,结构性,hybrid,3,中位,,2026-06-08,
hvdc_transmission,电力产业链,特高压/换流阀/直流输电,调整期,2,调整,600089;600816,结构性,hybrid,2,中位,,2026-06-06,
grid_equipment,电力产业链,输配电设备（变压器/开关柜/互感器/电缆）,主升期,2,主升早,002028;601179,结构性,hybrid,1,中位,,2026-06-01,
nuclear_power,电力产业链,核电/核能小堆（SMR）,整理期,2,调整,601985;600875,结构性,hybrid,2,中位,,2026-06-08,
hydro_power,电力产业链,水电/抽水蓄能,整理期,2,调整,600900,纯动量,hybrid,3,中位,,2026-06-17,
smart_grid,电力产业链,智能电网/电力IT/调度自动化,启动期,1,启动,600816;000682,结构性,hybrid,2,低中位,,2026-06-01,
ev_charging,电力产业链,充电桩/电力电子模块,整理期,1,调整,300001,结构性,hybrid,2,低位,,2026-06-17,
commercial_space,六张网+新兴支柱产业,商业航天（卫星制造/低轨组网/火箭）,调整期,1,调整,600118;601698,事件型,independent,3,中位,,2026-06-08,
low_altitude_economy,六张网+新兴支柱产业,低空经济（eVTOL/无人机/通用航空）,启动期,2,启动,600038;002085,事件型,independent,1,低中位,,2026-06-01,
innovative_drug,六张网+新兴支柱产业,创新药（PD-1/ADC/GLP-1/CGT/mRNA）,调整期,1,调整,600276;603259,结构性,independent,3,中位,,2026-06-08,
nev_core,六张网+新兴支柱产业,新能源汽车核心（电池/电机/电控/热管理）,整理期,2,调整,300750;002594,结构性,independent,2,低中位,,2026-06-17,
rail_transit,六张网+新兴支柱产业,轨道交通装备（高铁/城轨/磁浮）,整理期,1,调整,601766,政策型,independent,2,低位,,2026-06-17,
copper,有色金属（铜/锂/稀土/铝）,铜（电解铜/铜材/铜箔）,整理期,1,调整,601899;000630,结构性,hybrid,2,中位,,2026-06-17,
lithium,有色金属（铜/锂/稀土/铝）,锂（碳酸锂/氢氧化锂/锂矿）,调整期,2,调整,002466;002460,,hybrid,3,低位,,2026-06-17,
rare_earth,有色金属（铜/锂/稀土/铝）,稀土（氧化镨钕/磁材/稀土金属）,整理期,1,调整,600111;000831,事件型,hybrid,2,低中位,,2026-06-17,
aluminum,有色金属（铜/锂/稀土/铝）,铝（电解铝/铝箔/铝型材）,整理期,1,调整,601600;000807,结构性,hybrid,3,低中位,,2026-06-17,
gpu_cloud,AI应用与算力服务,算力租赁/GPU云服务,整理期,1,调整,300383;603019,结构性,positive,2,中位,价格/订单/利用率验证期,2026-06-18,光环新网+中科曙光
token_factory,AI应用与算力服务,Token工厂/算力金融化,启动期,1,启动,,事件型,positive,3,低位,早期商业模式验证/概念升温,2026-06-18,无纯正A股标的
ai_saas_enterprise,AI应用与算力服务,AI SaaS/企业软件,调整期,1,调整,002230;300418,结构性,positive,2,中位,ARR与付费转化验证期,2026-06-18,科大讯飞+昆仑万维；半年-21%/-2%
ai_office_content,AI应用与算力服务,AI办公/内容创作,调整期,1,调整,688111,结构性,positive,3,中位,产品迭代/付费验证期,2026-06-18,金山办公；半年-34%科创板
ai_agent_infra,AI应用与算力服务,Agent基础设施/RAG,整理期,1,调整,002230;300166,结构性,positive,1,中位,高关注/试点向部署过渡,2026-06-18,科大讯飞+东方国信
industrial_ai_data,AI应用与算力服务,工业AI/大数据,主升期,1,主升中,300166,结构性,positive,1,中高位,需求重估,2026-06-18,东方国信；半年+80%，AI应用唯一强势方向
ai_data_service,AI应用与算力服务,AI数据服务/标注,启动期,1,启动,688787,事件型,positive,3,低中位,需求重估/合规验证期,2026-06-18,海天瑞声科创板
edge_ai_terminal,消费电子与端侧AI,端侧AI/AI终端(手机/PC/眼镜),整理期,1,调整,300496;002241,事件型,positive,2,中位,发布会催化+出货验证期,2026-06-18,中科创达+歌尔股份
glass_substrate,先进封装与新材料,玻璃基板/TGV,过热期,1,过热,002008,结构性,positive,3,高位,充分交易/局部过热,2026-06-18,大族激光；量产2028-2029
