章节,核心结论,关键事件/方向,市场交易状态,预期差,历史相似案例,需要跟踪的指标,风险提示
1. 本周市场主线,AI硬件仍是核心，但已从CPO/PCB前排冲锋进入二级扩散阶段：光纤光缆、MPO/NPO、连接芯片、玻璃基板、SST/800VDC、半导体材料涨价链开始承接关注。,CPO/光模块、PCB/CCL/电子布、MLCC、存储、光纤光缆、SST、连接芯片、机器人,CPO/PCB/MLCC充分交易；光纤/SST/连接芯片快速升温；机器人反复轮动,高拥挤方向的预期差转向订单、交期、涨价函、毛利率；新增扩散方向看首单/长协/技术路线验证,2020纳指科技股拥挤杀跌；2025 DeepSeek冲击；2021上游材料涨价周期,云CAPEX、NVIDIA路线图、CSP长协、材料价格、毛利率、客户认证、订单,高位波动加大；传闻密集；扩散链条容易泥沙俱下
2. 未来30天关键事件,长鑫科技发行上市窗口、TSMC技术大会、MWC上海、SemiAnalysis扰动修复、SST后续订单、光纤长协落地、PCB材料Q2业绩预期。,长鑫注册获批、TSMC Symposium、MWC Shanghai、CPO/NPO、SST、光纤光缆、CCL上游,存储/PCB/光通信已充分交易；SST/光纤为新增升温,二次催化在于新订单、长协、提价函、发行节奏和客户认证,长鑫过会/注册、2021材料涨价函密集期,发行公告、光纤价格、SST订单、NPO样机、玻璃基板送样、CCL涨价传导,事件兑现后容易利好兑现，高拥挤方向需防波动
3. 未来90天关键事件,WAIC、世界机器人大会、长江存储申报/问询、AI数据中心电力链订单、玻璃基板试点线、ABF膜和半导体材料国产替代验证。,WAIC、WRC、长江存储、POWER-DC、GLASS、ABF、WF6、ROBOT,前瞻升温/分歧中,事件窗口较多，但只有订单/价格/利润验证能延续主线,AI主线扩散期、国产替代事件行情,IPO申报、客户送样、试产线、订单、毛利率、价格、交期,商业化不及预期、传闻证伪、客户导入慢
4. 事件映射路径,主路径变为：AI算力扩张→连接/布线瓶颈→PCB/材料涨价→电力基础设施约束→机器人/Physical AI扩散。,AI连接芯片、FIBER、PCB、MLCC、SST、机器人,核心已拥挤，二级扩散升温,从“谁最强”转向“谁还没充分交易但能被订单验证”,CPO扩散至PCB材料、存储扩散至设备材料,CSP长协、设备订单、材料价格、客户认证,低位影子股容易脱离产业验证
5. 市场是否已交易,CPO/光模块、PCB/玻璃基板、MLCC前排已充分交易；FIBER、SST、CONNECT、NPO、ABF、ROBOT处于扩散交易；FAB/FILM/WF6部分待核验。,高拥挤：CPO/PCB/MLCC；扩散：FIBER/SST/CONNECT/NPO/ABF/ROBOT,多条主线已高拥挤,预期差尚存但需要提高门槛,高景气板块中后段常见从龙头到材料/设备扩散,成交拥挤度、换手、涨停扩散、业绩预告,高位追涨和传闻追随风险上升
6. 预期差方向,真正的预期差在二级扩散链：AI连接芯片、光纤/MPO、SST/800VDC、ABF膜、半导体材料涨价、机器人量产验证；不是已经暴涨的前锋票本身。,FIBER、CONNECT、POWER-DC、ABF、WF6、ROBOT,部分交易/尚有验证空间,事件向利润表传导是关键,2021锂电上游材料、2023-2024 AI服务器液冷扩散,订单、价格、交期、毛利率、良率、客户认证,未经验证的主题影子股风险大
7. 历史相似案例,本轮更像AI硬件主线中段的高拥挤扩散，而非主线结束。历史上类似CPO/PCB先冲，随后材料、设备、电力、机器人轮动。,2025 DeepSeek、2020科技拥挤交易、2021新能源上游涨价,高波动/轮动加快,主线未证伪但斜率下降,主线中段高低切、拥挤交易去杠杆,主线龙头是否破位、订单是否下修、CAPEX是否变化,高波动时容易将技术节奏分歧误判为产业证伪
8. 跟踪链条清单,后续重点跟踪：光通信订单与CPO/NPO节奏、PCB材料涨价传导、MLCC原厂价、光纤长协、SST订单、长鑫发行、长江存储申报、机器人周度订单、玻璃基板良率、WF6价格。,CPO/NPO、PCB/CCL、MLCC、FIBER、SST、MEM、ROBOT、GLASS、WF6,持续跟踪,订单和利润验证优先级最高,高景气转利润兑现阶段,涨价函、交期、订单、毛利率、良率、客户认证、CAPEX,传闻过多导致误判，需持续回填 sources 表
早期信号增强版更新,本轮数据库从事件记录升级为“早期信号—产业验证—市场交易—动态修正”系统；3月底至5月下旬材料显示6月二级扩散并非突然出现，而是已有早期信号。,GLASS、PCB半导体化、SST/HVDC、算力租赁/Token工厂、MicroLED光通信、AI CPU、机器人、半导体化学品,CPO/PCB/MLCC高拥挤；玻璃基板/SST/光纤快速升温；MicroLED/法拉第旋光片/AI CPU仍偏前瞻,前瞻方向的预期差在验证而非涨幅；核心看订单、长协、价格、交期、技术路线定型,2021材料涨价链；2023-2025光模块从早期订单到主升；2026年PCB半导体化扩散,signals_early后续兑现率、CSP订单、涨价函、客户认证、毛利率、技术路线定型、CAPEX,传闻密度高；不能把目标市值和私域订单传闻直接写成事实
数据库结构优化,新增signals_early表，后续所有历史材料先进入早期信号层，再根据验证强度进入events、mapping或corrections。,早期信号表、技术路线分歧、失效触发监测,不直接对应交易，服务于复盘和预判,提升发现低位未交易链条的能力,科技主线通常先有研报/小作文，再有订单/公告，最后进入业绩验证,signal_date、later_validation、market_trade_status、confidence_level,早期信号不是事实，需要标注来源可靠性和待核验状态
AI软件与服务层补录,现有科技事件地图从硬件链条扩展到AI软件/服务层：算力租赁、Token工厂、AI SaaS、Agent基础设施、端侧AI、AI数据服务成为需求端与商业模式验证的新增层。,AI-RENT、TOKEN、AI-SAAS、AI-AGENT、EDGE-AI、AI-DATA,硬件主线仍强，软件层分化；算力租赁与Agent关注度较高，AI SaaS和数据服务需等财报验证,预期差在ARR/付费转化、Token用量、GPU租赁价格、企业Agent部署率、端侧AI出货,2023-2025云计算SaaS从概念到ARR验证；2024-2025 AI硬件先行后应用层滞后,云厂Capex、GPU租赁价格、Token消耗、AI SaaS ARR、Agent部署率、端侧AI出货、数据合规政策,软件层若不能形成付费转化，硬件需求拉动可能滞后；传闻价格需走signals_early。
软硬件关联机制,算力租赁与AIDC/液冷/电力直接上下游关联；AI SaaS/Agent/端侧AI/数据服务通过Token消耗和推理请求拉动光模块、PCB、服务器、存储、液冷等硬件需求。,AIDC、GPU云、Agent、RAG、AI终端、数据服务,算力租赁已部分交易；Agent高预期；AI SaaS和数据服务尚需财报/订单验证,需求端拉动是核心，但短期不能替代硬件订单验证,移动互联网时期应用生态拉动云基础设施扩张,Token消耗量、推理请求、AI应用DAU/MAU、企业付费率、AIDC上电量,应用变现不及预期会反向影响硬件Capex预期。
