sector_id,theme,sub_sector,keywords
equipment_etch_cvd,半导体全链,刻蚀/薄膜沉积设备,刻蚀|薄膜沉积设备
equipment_measure,半导体全链,量测检测设备,量测检测设备
equipment_cmp_clean,半导体全链,CMP/清洗/涂胶显影设备,CMP|清洗设备|涂胶显影设备|清洗机
equipment_packaging,半导体全链,封装/测试设备,封装|测试设备
material_wafer,半导体全链,大硅片,硅片|大硅片
material_photoresist,半导体全链,光刻胶,光刻胶
material_specialty_gas,半导体全链,电子特气/特种气体,电子特气|特种气体
material_wet_chemicals,半导体全链,湿电子化学品（电子级酸碱）,湿电子化学品|电子级酸碱
material_photomask,半导体全链,光掩模版,光掩模版
material_precursor,半导体全链,ALD/CVD前驱体,ALD|CVD前驱体
material_target,半导体全链,靶材,靶材
material_cmp_slurry,半导体全链,CMP抛光液/抛光垫,CMP抛光液|抛光垫
material_quartz,半导体全链,石英玻璃/陶瓷零部件,石英玻璃|陶瓷零部件
material_substrate,半导体全链,封装载板/基板,封装载板|基板
material_bond_wire,半导体全链,键合线,键合线
design_eda_ip,半导体全链,EDA/IP设计工具,EDA|IP设计工具
design_logic,半导体全链,逻辑芯片（CPU/GPU/NPU）,逻辑芯片|CPU|GPU|NPU
design_memory_hbm,半导体全链,存储/HBM相关,存储|HBM相关
design_analog,半导体全链,模拟芯片,模拟芯片
design_fpga,半导体全链,FPGA,FPGA
foundry,半导体全链,晶圆代工,晶圆代工
packaging_advanced,半导体全链,先进封装（含HBM封测）,先进封装|HBM封测
hbm_ecosystem,半导体全链,HBM产业链（封测/材料/接口）,HBM产业链|HBM封测|HBM材料
sic_gan,半导体全链,第三代半导体（SiC/GaN）,第三代半导体|SiC|GaN
diamond_substrate,半导体全链,金刚石功能材料（第四代候选）,金刚石
precision_parts,半导体全链,半导体精密零部件/腔体管路,半导体精密零部件|腔体管路
humanoid_body,机器人,人形机器人整机/本体,人形机器人整机
humanoid_parts,机器人,人形机器人核心零部件,人形机器人核心零部件
industrial_robot,机器人,工业机器人/自动化,工业机器人
machine_vision,机器人,机器视觉,机器视觉
cnc_machine_tools,机器人,工业母机/高端数控机床,工业母机|高端数控机床
ai_chip,AI算力+算电协同+数据中心互联,AI芯片国产替代,AI芯片国产替代
ai_infra,AI算力+算电协同+数据中心互联,AI算力基础设施（服务器/存储）,AI算力基础设施|AI服务器
ai_application,AI算力+算电协同+数据中心互联,AI应用/大模型/智能体SaaS,AI应用|大模型|智能体SaaS
physical_ai,AI算力+算电协同+数据中心互联,物理AI/具身智能软件,物理AI|具身智能软件
power_grid,AI算力+算电协同+数据中心互联,算电协同—电网设备/变压器/特高压,电网设备|变压器|特高压
power_ups_cooling,AI算力+算电协同+数据中心互联,算电协同—UPS/精密温控/液冷,UPS|精密温控|液冷
optical_module_cpo,AI算力+算电协同+数据中心互联,光模块/CPO/硅光,光模块|CPO|硅光
pcb_ai_server,AI算力+算电协同+数据中心互联,AI服务器高速PCB/覆铜板/铜箔,AI服务器高速PCB|覆铜板|铜箔
fiber_optical_dc,AI算力+算电协同+数据中心互联,光纤光缆/数据中心骨干互联,光纤光缆|数据中心骨干互联
ai_network_infra,AI算力+算电协同+数据中心互联,AI网络交换机/高速铜互联/连接器,AI网络交换机|高速铜互联|连接器
power_nuclear,AI算力+算电协同+数据中心互联,核电/核能小堆（SMR）,核电|核能小堆|SMR
satellite_comms,AI算力+算电协同+数据中心互联,卫星互联网/空天通信,卫星互联网|空天通信
passive_components,AI算力+算电协同+数据中心互联,被动元件（MLCC/电感/电阻）,被动元件|MLCC|电感|电阻
ai_chip_domestic,AI算力+算电协同+数据中心互联,国产AI芯片（科创板信号标的）,国产AI芯片
sensor_lidar_radar,无人驾驶,传感器（激光雷达/毫米波雷达）,传感器|激光雷达|毫米波雷达
domain_controller,无人驾驶,域控制器/智能座舱/车载算力,域控制器|智能座舱|车载算力
hd_map_v2x,无人驾驶,高精地图/V2X通信,高精地图|V2X通信
robotaxi,无人驾驶,Robotaxi运营/平台,Robotaxi
wind_power_equipment,电力产业链,风电设备（整机/叶片/塔筒/主轴/铸件）,风电设备|风电整机|风电铸件|风电主轴|风电叶片|塔筒
solar_pv_system,电力产业链,光伏全链（组件/电池片/硅料/逆变器）,光伏全链|电池片|硅料|逆变器|光伏组件
energy_storage,电力产业链,储能系统（电芯/PCS/BMS/系统集成）,储能系统|电芯|PCS|BMS|系统集成
hvdc_transmission,电力产业链,特高压/换流阀/直流输电,特高压|换流阀|直流输电
grid_equipment,电力产业链,输配电设备（变压器/开关柜/互感器/电缆）,输配电设备|变压器|开关柜|互感器|输配电电缆
nuclear_power,电力产业链,核电/核能小堆（SMR）,核电|核能小堆|SMR
hydro_power,电力产业链,水电/抽水蓄能,水电|抽水蓄能
smart_grid,电力产业链,智能电网/电力IT/调度自动化,智能电网|电力IT|调度自动化
ev_charging,电力产业链,充电桩/电力电子模块,充电桩|电力电子模块
commercial_space,六张网+新兴支柱产业,商业航天（卫星制造/低轨组网/火箭）,商业航天|卫星制造|低轨组网|火箭
low_altitude_economy,六张网+新兴支柱产业,低空经济（eVTOL/无人机/通用航空）,低空经济|eVTOL|无人机|通用航空
innovative_drug,六张网+新兴支柱产业,创新药（PD-1/ADC/GLP-1/CGT/mRNA）,创新药|PD-1|ADC|GLP-1|CGT|mRNA
nev_core,六张网+新兴支柱产业,新能源汽车核心（电池/电机/电控/热管理）,新能源汽车核心|电池|电控|热管理|新能源汽车电机
rail_transit,六张网+新兴支柱产业,轨道交通装备（高铁/城轨/磁浮）,轨道交通装备|高铁|城轨|磁浮
copper,有色金属（铜/锂/稀土/铝）,铜（电解铜/铜材/铜箔）,电解铜|铜材|铜箔
lithium,有色金属（铜/锂/稀土/铝）,锂（碳酸锂/氢氧化锂/锂矿）,碳酸锂|氢氧化锂|锂矿
rare_earth,有色金属（铜/锂/稀土/铝）,稀土（氧化镨钕/磁材/稀土金属）,稀土|氧化镨钕|磁材|稀土金属
aluminum,有色金属（铜/锂/稀土/铝）,铝（电解铝/铝箔/铝型材）,电解铝|铝箔|铝型材
gpu_cloud,AI应用与算力服务,算力租赁/GPU云服务,算力租赁|GPU云服务
token_factory,AI应用与算力服务,Token工厂/算力金融化,Token工厂|算力金融化
ai_saas_enterprise,AI应用与算力服务,AI SaaS/企业软件,AI SaaS|企业软件
ai_office_content,AI应用与算力服务,AI办公/内容创作,AI办公|内容创作
ai_agent_infra,AI应用与算力服务,Agent基础设施/RAG,Agent基础设施|RAG
industrial_ai_data,AI应用与算力服务,工业AI/大数据,工业AI
ai_data_service,AI应用与算力服务,AI数据服务/标注,AI数据服务
edge_ai_terminal,消费电子与端侧AI,端侧AI/AI终端(手机/PC/眼镜),AI终端|AI手机|AI PC|AI眼镜|端侧AI
glass_substrate,先进封装与新材料,玻璃基板/TGV,玻璃基板|TGV
