name,code,list_status
平安银行,1,L
万科A,2,L
*ST国华,4,L
深振业A,6,L
全新好,7,L
神州高铁,8,L
中国宝安,9,L
*ST美丽,10,L
深物业A,11,L
南玻A,12,L
沙河股份,14,L
*ST康佳A,16,L
深中华A,17,L
深粮控股,19,L
深华发A,20,L
深科技,21,L
特力A,25,L
飞亚达,26,L
深圳能源,27,L
国药一致,28,L
深深房A,29,L
富奥股份,30,L
大悦城,31,L
深桑达A,32,L
神州数码,34,L
中国天楹,35,L
华联控股,36,L
深南电A,37,L
中集集团,39,L
中洲控股,42,L
深纺织A,45,L
京基智农,48,L
德赛电池,49,L
深天马A,50,L
方大集团,55,L
*ST皇庭,56,L
深赛格,58,L
华锦股份,59,L
中金岭南,60,L
农产品,61,L
深圳华强,62,L
中兴通讯,63,L
北方国际,65,L
中国长城,66,L
华控赛格,68,L
华侨城A,69,L
特发信息,70,L
ST海王,78,L
盐田港,88,L
深圳机场,89,L
天健集团,90,L
广聚能源,96,L
中信海直,99,L
TCL科技,100,L
中成股份,151,L
丰原药业,153,L
川能动力,155,L
华数传媒,156,L
中联重科,157,L
常山北明,158,L
国际实业,159,L
申万宏源,166,L
东方盛虹,301,L
美的集团,333,L
潍柴动力,338,L
许继电气,400,L
金隅冀东,401,L
金融街,402,L
派林生物,403,L
长虹华意,404,L
胜利股份,407,L
藏格矿业,408,L
云鼎科技,409,L
沈阳机床,410,L
英特集团,411,L
渤海租赁,415,L
合百集团,417,L
通程控股,419,L
吉林化纤,420,L
南京公用,421,L
湖北宜化,422,L
东阿阿胶,423,L
徐工机械,425,L
兴业银锡,426,L
华天酒店,428,L
粤高速A,429,L
张家界,430,L
ST晨鸣,488,L
山东路桥,498,L
武商集团,501,L
国新健康,503,L
南华生物,504,L
京粮控股,505,L
招金黄金,506,L
珠海港,507,L
华塑控股,509,L
新金路,510,L
丽珠集团,513,L
渝开发,514,L
国际医学,516,L
荣安地产,517,L
四环生物,518,L
中兵红箭,519,L
凤凰航运,520,L
长虹美菱,521,L
红棉股份,523,L
岭南控股,524,L
红太阳,525,L
学大教育,526,L
柳工,528,L
广弘控股,529,L
冰山冷热,530,L
穗恒运A,531,L
华金资本,532,L
顺钠股份,533,L
万泽股份,534,L
华映科技,536,L
绿发电力,537,L
云南白药,538,L
粤电力A,539,L
佛山照明,541,L
皖能电力,543,L
中原环保,544,L
金浦钛业,545,L
金圆股份,546,L
航天发展,547,L
湖南投资,548,L
江铃汽车,550,L
创元科技,551,L
甘肃能化,552,L
安道麦A,553,L
泰山石油,554,L
神州信息,555,L
西部创业,557,L
天府文旅,558,L
万向钱潮,559,L
我爱我家,560,L
烽火电子,561,L
陕国投A,563,L
供销大集,564,L
渝三峡A,565,L
海南海药,566,L
海德股份,567,L
泸州老窖,568,L
苏常柴A,570,L
新大洲A,571,L
海马汽车,572,L
粤宏远A,573,L
甘化科工,576,L
威孚高科,581,L
北部湾港,582,L
汇源通信,586,L
贵州轮胎,589,L
古汉医药,590,L
太阳能,591,L
平潭发展,592,L
德龙汇能,593,L
*ST宝实,595,L
古井贡酒,596,L
东北制药,597,L
兴蓉环境,598,L
青岛双星,599,L
建投能源,600,L
韶能股份,601,L
盛达资源,603,L
渤海股份,605,L
华媒控股,607,L
阳光股份,608,L
*ST中迪,609,L
*ST西旅,610,L
焦作万方,612,L
*ST美谷,615,L
中油资本,617,L
海螺新材,619,L
盈新发展,620,L
吉林敖东,623,L
长安汽车,625,L
远大控股,626,L
高新发展,628,L
钒钛股份,629,L
铜陵有色,630,L
顺发恒能,631,L
ST三木,632,L
合金投资,633,L
英力特,635,L
风华高科,636,L
茂化实华,637,L
ST西王,639,L
仁和药业,650,L
格力电器,651,L
泰达股份,652,L
金岭矿业,655,L
*ST金科,656,L
中钨高新,657,L
珠海中富,659,L
长春高新,661,L
永安林业,663,L
湖北广电,665,L
荣丰控股,668,L
ST金鸿,669,L
盈方微,670,L
上峰材料,672,L
智度股份,676,L
ST海龙,677,L
襄阳轴承,678,L
大连友谊,679,L
山推股份,680,L
视觉中国,681,L
东方电子,682,L
博源化工,683,L
中山公用,685,L
东北证券,686,L
国城矿业,688,L
宝新能源,690,L
亚太实业,691,L
惠天热电,692,L
滨海能源,695,L
炼石航空,697,L
ST沈化,698,L
模塑科技,700,L
厦门信达,701,L
正虹科技,702,L
恒逸石化,703,L
浙江震元,705,L
双环科技,707,L
中信特钢,708,L
河钢股份,709,L
贝瑞基因,710,L
ST京蓝,711,L
锦龙股份,712,L
国投丰乐,713,L
中兴商业,715,L
黑芝麻,716,L
中南股份,717,L
苏宁环球,718,L
中原传媒,719,L
新能泰山,720,L
西安饮食,721,L
湖南发展,722,L
美锦能源,723,L
京东方A,725,L
鲁泰A,726,L
冠捷科技,727,L
国元证券,728,L
燕京啤酒,729,L
四川美丰,731,L
振华科技,733,L
罗牛山,735,L
中交发展,736,L
北方铜业,737,L
航发控制,738,L
普洛药业,739,L
国海证券,750,L
锌业股份,751,L
*ST西发,752,L
漳州发展,753,L
山西高速,755,L
新华制药,756,L
浩物股份,757,L
中色股份,758,L
中百集团,759,L
本钢板材,761,L
西藏矿业,762,L
通化金马,766,L
晋控电力,767,L
中航西飞,768,L
广发证券,776,L
中核科技,777,L
新兴铸管,778,L
甘咨询,779,L
恒申新材,782,L
长江证券,783,L
居然智家,785,L
北新建材,786,L
北大医药,788,L
万年青,789,L
华神科技,790,L
甘肃能源,791,L
盐湖股份,792,L
*ST华闻,793,L
英洛华,795,L
凯撒旅业,796,L
中国武夷,797,L
中水渔业,798,L
酒鬼酒,799,L
一汽解放,800,L
四川九洲,801,L
北京文化,802,L
山高环能,803,L
云铝股份,807,L
和展能源,809,L
创维数字,810,L
冰轮环境,811,L
陕西金叶,812,L
德展健康,813,L
美利云,815,L
智慧农业,816,L
航锦科技,818,L
岳阳兴长,819,L
*ST节能,820,L
ST京机,821,L
山东海化,822,L
超声电子,823,L
太钢不锈,825,L
*ST启环,826,L
东莞控股,828,L
天音控股,829,L
鲁西化工,830,L
中国稀土,831,L
粤桂股份,833,L
秦川机床,837,L
*ST发展,838,L
国安股份,839,L
承德露露,848,L
华茂股份,850,L
石化机械,852,L
冀东装备,856,L
五粮液,858,L
国风新材,859,L
顺鑫农业,860,L
银星能源,862,L
三湘印象,863,L
安凯客车,868,L
张裕A,869,L
电投绿能,875,L
新希望,876,L
天山股份,877,L
云南铜业,878,L
潍柴重机,880,L
中广核技,881,L
华联股份,882,L
湖北能源,883,L
城发环境,885,L
海南高速,886,L
中鼎股份,887,L
峨眉山A,888,L
中嘉博创,889,L
法尔胜,890,L
欢瑞世纪,892,L
亚钾国际,893,L
双汇发展,895,L
津滨发展,897,L
鞍钢股份,898,L
赣能股份,899,L
现代投资,900,L
航天科技,901,L
新洋丰,902,L
ST云动,903,L
厦门港务,905,L
浙商中拓,906,L
景峰医药,908,L
*ST数源,909,L
大亚圣象,910,L
*ST广糖,911,L
泸天化,912,L
钱江摩托,913,L
华特达因,915,L
电广传媒,917,L
金陵药业,919,L
沃顿科技,920,L
海信家电,921,L
佳电股份,922,L
河钢资源,923,L
众合科技,925,L
福星股份,926,L
中国铁物,927,L
中钢国际,928,L
兰州黄河,929,L
中粮科技,930,L
中关村,931,L
华菱钢铁,932,L
神火股份,933,L
四川双马,935,L
华西股份,936,L
冀中能源,937,L
紫光股份,938,L
南天信息,948,L
新乡化纤,949,L
重药控股,950,L
中国重汽,951,L
广济药业,952,L
中哲精化,953,L
欣龙控股,955,L
中通客车,957,L
电投产融,958,L
首钢股份,959,L
锡业股份,960,L
东方钽业,962,L
华东医药,963,L
天保基建,965,L
长源电力,966,L
盈峰环境,967,L
蓝焰控股,968,L
安泰科技,969,L
中科三环,970,L
*ST中基,972,L
佛塑科技,973,L
山金国际,975,L
浪潮信息,977,L
桂林旅游,978,L
众泰汽车,980,L
山子高科,981,L
山西焦煤,983,L
大庆华科,985,L
越秀资本,987,L
华工科技,988,L
九芝堂,989,L
诚志股份,990,L
闽东电力,993,L
皇台酒业,995,L
新大陆,997,L
隆平高科,998,L
华润三九,999,L
东瑞股份,1201,L
炬申股份,1202,L
大中矿业,1203,L
盛航股份,1205,L
依依股份,1206,L
联科科技,1207,L
华菱线缆,1208,L
洪兴股份,1209,L
金房能源,1210,L
双枪科技,1211,L
中旗新材,1212,L
中铁特货,1213,L
千味央厨,1215,L
华瓷股份,1216,L
华尔泰,1217,L
丽臣实业,1218,L
青岛食品,1219,L
悍高集团,1221,L
源飞宠物,1222,L
欧克科技,1223,L
和泰机电,1225,L
拓山重工,1226,L
兰州银行,1227,L
永泰运,1228,L
魅视科技,1229,L
劲旅环境,1230,L
农心科技,1231,L
海安集团,1233,L
泰慕士,1234,L
弘业期货,1236,L
浙江正特,1238,L
永达股份,1239,L
博菲电气,1255,L
炜冈科技,1256,L
立新能源,1258,L
利仁科技,1259,L
坤泰股份,1260,L
宏英智能,1266,L
汇绿生态,1267,L
联合精密,1268,L
欧晶科技,1269,L
铖昌科技,1270,L
速达股份,1277,L
一彬科技,1278,L
强邦新材,1279,L
中国铀业,1280,L
三联锻造,1282,L
豪鹏科技,1283,L
瑞立科密,1285,L
陕西能源,1286,L
中电港,1287,L
运机集团,1288,L
龙源电力,1289,L
长江材料,1296,L
好上好,1298,L
美能能源,1299,L
三柏硕,1300,L
尚太科技,1301,L
夏厦精密,1306,L
康冠科技,1308,L
德明利,1309,L
多利科技,1311,L
粤海饲料,1313,L
亿道信息,1314,L
润贝航科,1316,L
三羊马,1317,L
阳光乳业,1318,L
铭科精技,1319,L
箭牌家居,1322,L
慕思股份,1323,L
长青科技,1324,L
元创股份,1325,L
联域股份,1326,L
登康口腔,1328,L
博纳影业,1330,L
胜通能源,1331,L
锡装股份,1332,L
光华股份,1333,L
信凯科技,1335,L
楚环科技,1336,L
四川黄金,1337,L
永顺泰,1338,L
智微智能,1339,L
富岭股份,1356,L
兴欣新材,1358,L
平安电工,1359,L
南矿集团,1360,L
播恩集团,1366,L
海森药业,1367,L
通达创智,1368,L
双欣材料,1369,L
翔腾新材,1373,L
百通能源,1376,L
德冠新材,1378,L
腾达科技,1379,L
华纬科技,1380,L
新亚电缆,1382,L
马可波罗,1386,L
雪祺电气,1387,L
信通电子,1388,L
广合科技,1389,L
古麒绒材,1390,L
国货航,1391,L
亚联机械,1395,L
誉帆科技,1396,L
江顺科技,1400,L
宗申动力,1696,L
招商港口,1872,L
豫能控股,1896,L
招商积余,1914,L
招商公路,1965,L
招商蛇口,1979,L
新和成,2001,L
伟星股份,2003,L
华邦健康,2004,L
ST德豪,2005,L
精工科技,2006,L
华兰生物,2007,L
大族激光,2008,L
天奇股份,2009,L
传化智联,2010,L
盾安环境,2011,L
凯恩股份,2012,L
永新股份,2014,L
协鑫能科,2015,L
世荣兆业,2016,L
东信和平,2017,L
亿帆医药,2019,L
京新药业,2020,L
中捷资源,2021,L
科华生物,2022,L
海特高新,2023,L
ST易购,2024,L
航天电器,2025,L
山东威达,2026,L
分众传媒,2027,L
思源电气,2028,L
七匹狼,2029,L
达安基因,2030,L
巨轮智能,2031,L
苏泊尔,2032,L
丽江股份,2033,L
旺能环境,2034,L
华帝股份,2035,L
联创电子,2036,L
保利联合,2037,L
双鹭药业,2038,L
黔源电力,2039,L
南京港,2040,L
登海种业,2041,L
华孚时尚,2042,L
兔宝宝,2043,L
美年健康,2044,L
国光电器,2045,L
国机精工,2046,L
宝鹰股份,2047,L
宁波华翔,2048,L
紫光国微,2049,L
三花智控,2050,L
中工国际,2051,L
同洲电子,2052,L
云南能投,2053,L
德美化工,2054,L
ST得润,2055,L
横店东磁,2056,L
中钢天源,2057,L
威尔泰,2058,L
云南旅游,2059,L
广东建工,2060,L
浙江交科,2061,L
宏润建设,2062,L
远光软件,2063,L
华峰化学,2064,L
东华软件,2065,L
瑞泰科技,2066,L
景兴纸业,2067,L
黑猫股份,2068,L
獐子岛,2069,L
凯瑞德,2072,L
软控股份,2073,L
国轩高科,2074,L
沙钢股份,2075,L
*ST星光,2076,L
大港股份,2077,L
太阳纸业,2078,L
苏州固锝,2079,L
中材科技,2080,L
金螳螂,2081,L
ST万邦,2082,L
孚日股份,2083,L
海鸥住工,2084,L
万丰奥威,2085,L
东方海洋,2086,L
鲁阳节能,2088,L
金智科技,2090,L
江苏国泰,2091,L
中泰化学,2092,L
国脉科技,2093,L
青岛金王,2094,L
生意宝,2095,L
易普力,2096,L
山河智能,2097,L
浔兴股份,2098,L
海翔药业,2099,L
天康生物,2100,L
广东鸿图,2101,L
ST能特,2102,L
广博股份,2103,L
恒宝股份,2104,L
信隆健康,2105,L
莱宝高科,2106,L
沃华医药,2107,L
沧州明珠,2108,L
ST兴化,2109,L
三钢闽光,2110,L
威海广泰,2111,L
三变科技,2112,L
罗平锌电,2114,L
三维通信,2115,L
中国海诚,2116,L
东港股份,2117,L
康强电子,2119,L
韵达股份,2120,L
科陆电子,2121,L
ST汇洲,2122,L
梦网科技,2123,L
天邦食品,2124,L
湘潭电化,2125,L
银轮股份,2126,L
南极电商,2127,L
电投能源,2128,L
TCL中环,2129,L
沃尔核材,2130,L
利欧股份,2131,L
恒星科技,2132,L
广宇集团,2133,L
天津普林,2134,L
东南网架,2135,L
安纳达,2136,L
实益达,2137,L
顺络电子,2138,L
拓邦股份,2139,L
东华科技,2140,L
贤丰控股,2141,L
宁波银行,2142,L
宏达高科,2144,L
钛能化学,2145,L
荣盛发展,2146,L
北纬科技,2148,L
西部材料,2149,L
正泰电源,2150,L
北斗星通,2151,L
广电运通,2152,L
石基信息,2153,L
报喜鸟,2154,L
湖南黄金,2155,L
通富微电,2156,L
正邦科技,2157,L
汉钟精机,2158,L
三特索道,2159,L
常铝股份,2160,L
远望谷,2161,L
悦心健康,2162,L
海南发展,2163,L
宁波东力,2164,L
红宝丽,2165,L
莱茵生物,2166,L
东方锆业,2167,L
ST惠程,2168,L
智光电气,2169,L
芭田股份,2170,L
楚江新材,2171,L
澳洋健康,2172,L
创新医疗,2173,L
游族网络,2174,L
*ST东智,2175,L
江特电机,2176,L
御银股份,2177,L
延华智能,2178,L
中航光电,2179,L
奔图科技,2180,L
粤传媒,2181,L
宝武镁业,2182,L
怡亚通,2183,L
海得控制,2184,L
华天科技,2185,L
全聚德,2186,L
广百股份,2187,L
中天服务,2188,L
中光学,2189,L
成飞集成,2190,L
劲嘉股份,2191,L
融捷股份,2192,L
ST如意,2193,L
武汉凡谷,2194,L
岩山科技,2195,L
方正电机,2196,L
证通电子,2197,L
ST嘉应,2198,L
*ST东晶,2199,L
交投生态,2200,L
九鼎新材,2201,L
金风科技,2202,L
海亮股份,2203,L
大连重工,2204,L
国统股份,2205,L
海利得,2206,L
*ST准油,2207,L
合肥城建,2208,L
达意隆,2209,L
飞马国际,2210,L
ST宏达,2211,L
天融信,2212,L
大为股份,2213,L
*ST大立,2214,L
诺普信,2215,L
三全食品,2216,L
合力泰,2217,L
拓日新能,2218,L
新里程,2219,L
东华能源,2221,L
福晶科技,2222,L
鱼跃医疗,2223,L
三力士,2224,L
濮耐股份,2225,L
江南化工,2226,L
*ST特迅,2227,L
合兴包装,2228,L
鸿博股份,2229,L
科大讯飞,2230,L
启明信息,2232,L
塔牌集团,2233,L
民和股份,2234,L
安妮股份,2235,L
大华股份,2236,L
恒邦股份,2237,L
天威视讯,2238,L
奥特佳,2239,L
盛新锂能,2240,L
歌尔股份,2241,L
九阳股份,2242,L
力合科创,2243,L
滨江集团,2244,L
蔚蓝锂芯,2245,L
北化股份,2246,L
聚力文化,2247,L
华东数控,2248,L
大洋电机,2249,L
联化科技,2250,L
步步高,2251,L
上海莱士,2252,L
*ST智胜,2253,L
泰和新材,2254,L
海陆重工,2255,L
兆新股份,2256,L
利尔化学,2258,L
升达林业,2259,L
拓维信息,2261,L
恩华药业,2262,L
大东南,2263,L
新华都,2264,L
建设工业,2265,L
浙富控股,2266,L
陕天然气,2267,L
电科网安,2268,L
美邦服饰,2269,L
华明装备,2270,L
东方雨虹,2271,L
川润股份,2272,L
水晶光电,2273,L
华昌化工,2274,L
桂林三金,2275,L
万马股份,2276,L
友阿股份,2277,L
神开股份,2278,L
久其软件,2279,L
光迅科技,2281,L
博深股份,2282,L
天润工业,2283,L
亚太股份,2284,L
世联行,2285,L
保龄宝,2286,L
奇正藏药,2287,L
*ST宇顺,2289,L
禾盛新材,2290,L
遥望科技,2291,L
奥飞娱乐,2292,L
罗莱生活,2293,L
信立泰,2294,L
精艺股份,2295,L
辉煌科技,2296,L
博云新材,2297,L
中电鑫龙,2298,L
圣农发展,2299,L
太阳电缆,2300,L
齐心集团,2301,L
西部建设,2302,L
美盈森,2303,L
洋河股份,2304,L
*ST南置,2305,L
ST云网,2306,L
北新路桥,2307,L
中利集团,2309,L
东方新能,2310,L
海大集团,2311,L
川发龙蟒,2312,L
日海智能,2313,L
南山控股,2314,L
焦点科技,2315,L
亚联发展,2316,L
众生药业,2317,L
久立特材,2318,L
乐通股份,2319,L
海峡股份,2320,L
华英农业,2321,L
理工能科,2322,L
*ST雅博,2323,L
普利特,2324,L
永太科技,2326,L
富安娜,2327,L
新朋股份,2328,L
皇氏集团,2329,L
得利斯,2330,L
皖通科技,2331,L
仙琚制药,2332,L
罗普斯金,2333,L
英威腾,2334,L
科华数据,2335,L
赛象科技,2337,L
奥普光电,2338,L
积成电子,2339,L
格林美,2340,L
巨力索具,2342,L
慈文传媒,2343,L
海宁皮城,2344,L
潮宏基,2345,L
柘中股份,2346,L
泰尔股份,2347,L
高乐股份,2348,L
精华制药,2349,L
北京科锐,2350,L
漫步者,2351,L
顺丰控股,2352,L
杰瑞股份,2353,L
天娱数科,2354,L
兴民智通,2355,L
赫美集团,2356,L
富临运业,2357,L
森源电气,2358,L
ST同德,2360,L
神剑股份,2361,L
汉王科技,2362,L
隆基机械,2363,L
中恒电气,2364,L
永安药业,2365,L
融发核电,2366,L
康力电梯,2367,L
太极股份,2368,L
卓翼科技,2369,L
亚太药业,2370,L
北方华创,2371,L
伟星新材,2372,L
千方科技,2373,L
中锐股份,2374,L
亚厦股份,2375,L
新北洋,2376,L
国创高新,2377,L
章源钨业,2378,L
宏桥控股,2379,L
科远智慧,2380,L
双箭股份,2381,L
蓝帆医疗,2382,L
合众思壮,2383,L
东山精密,2384,L
大北农,2385,L
天原股份,2386,L
维信诺,2387,L
新亚制程,2388,L
航天彩虹,2389,L
信邦制药,2390,L
长青股份,2391,L
北京利尔,2392,L
力生制药,2393,L
联发股份,2394,L
双象股份,2395,L
星网锐捷,2396,L
梦洁股份,2397,L
垒知集团,2398,L
海普瑞,2399,L
省广集团,2400,L
中远海科,2401,L
和而泰,2402,L
爱仕达,2403,L
嘉欣丝绸,2404,L
四维图新,2405,L
远东传动,2406,L
多氟多,2407,L
齐翔腾达,2408,L
雅克科技,2409,L
广联达,2410,L
汉森制药,2412,L
雷科防务,2413,L
高德红外,2414,L
海康威视,2415,L
爱施德,2416,L
康盛股份,2418,L
天虹股份,2419,L
毅昌科技,2420,L
达实智能,2421,L
科伦药业,2422,L
中粮资本,2423,L
ST百灵,2424,L
凯撒文化,2425,L
胜利精密,2426,L
尤夫股份,2427,L
云南锗业,2428,L
兆驰股份,2429,L
杭氧股份,2430,L
ST棕榈,2431,L
九安医疗,2432,L
万里扬,2434,L
兴森科技,2436,L
誉衡药业,2437,L
江苏神通,2438,L
启明星辰,2439,L
闰土股份,2440,L
众业达,2441,L
龙星科技,2442,L
金洲管道,2443,L
巨星科技,2444,L
中南文化,2445,L
盛路通信,2446,L
中原内配,2448,L
国星光电,2449,L
摩恩电气,2451,L
长高电气,2452,L
华软科技,2453,L
松芝股份,2454,L
百川股份,2455,L
欧菲光,2456,L
青龙管业,2457,L
益生股份,2458,L
晶澳科技,2459,L
赣锋锂业,2460,L
珠江啤酒,2461,L
嘉事堂,2462,L
沪电股份,2463,L
海格通信,2465,L
天齐锂业,2466,L
二六三,2467,L
申通快递,2468,L
三维化学,2469,L
金正大,2470,L
中超控股,2471,L
双环传动,2472,L
榕基软件,2474,L
立讯精密,2475,L
新叶股份,2476,L
常宝股份,2478,L
富春环保,2479,L
新筑股份,2480,L
双塔食品,2481,L
广田集团,2482,L
润邦股份,2483,L
江海股份,2484,L
ST雪发,2485,L
嘉麟杰,2486,L
大金重工,2487,L
金固股份,2488,L
浙江永强,2489,L
山东墨龙,2490,L
通鼎互联,2491,L
恒基达鑫,2492,L
荣盛石化,2493,L
华斯股份,2494,L
佳隆股份,2495,L
辉丰股份,2496,L
雅化集团,2497,L
汉缆股份,2498,L
山西证券,2500,L
*ST利源,2501,L
协鑫集成,2506,L
涪陵榨菜,2507,L
老板电器,2508,L
天汽模,2510,L
中顺洁柔,2511,L
ST达华,2512,L
蓝丰生化,2513,L
*ST宝馨,2514,L
金字火腿,2515,L
旷达科技,2516,L
恺英网络,2517,L
科士达,2518,L
银河电子,2519,L
日发精机,2520,L
齐峰新材,2521,L
浙江众成,2522,L
天桥起重,2523,L
光正眼科,2524,L
山东矿机,2526,L
新时达,2527,L
*ST英飞,2528,L
海源复材,2529,L
金财互联,2530,L
天顺风能,2531,L
天山铝业,2532,L
金杯电工,2533,L
西子洁能,2534,L
林州重机,2535,L
飞龙股份,2536,L
海联金汇,2537,L
ST司特,2538,L
云图控股,2539,L
亚太科技,2540,L
鸿路钢构,2541,L
*ST中岩,2542,L
万和电气,2543,L
普天科技,2544,L
东方铁塔,2545,L
新联电子,2546,L
*ST春兴,2547,L
金新农,2548,L
凯美特气,2549,L
千红制药,2550,L
尚荣医疗,2551,L
宝鼎科技,2552,L
南方精工,2553,L
惠博普,2554,L
三七互娱,2555,L
辉隆股份,2556,L
洽洽食品,2557,L
巨人网络,2558,L
亚威股份,2559,L
通达股份,2560,L
徐家汇,2561,L
兄弟科技,2562,L
森马服饰,2563,L
天沃科技,2564,L
顺灏股份,2565,L
益盛药业,2566,L
唐人神,2567,L
百润股份,2568,L
*ST步森,2569,L
贝因美,2570,L
德力股份,2571,L
索菲亚,2572,L
清新环境,2573,L
明牌珠宝,2574,L
群兴玩具,2575,L
通达动力,2576,L
雷柏科技,2577,L
闽发铝业,2578,L
中京电子,2579,L
圣阳股份,2580,L
*ST未名,2581,L
好想你,2582,L
海能达,2583,L
西陇科学,2584,L
双星新材,2585,L
ST围海,2586,L
奥拓电子,2587,L
史丹利,2588,L
瑞康医药,2589,L
万安科技,2590,L
恒大高新,2591,L
ST八菱,2592,L
日上集团,2593,L
比亚迪,2594,L
豪迈科技,2595,L
海南瑞泽,2596,L
金禾实业,2597,L
ST章鼓,2598,L
盛通股份,2599,L
领益智造,2600,L
龙佰集团,2601,L
世纪华通,2602,L
以岭药业,2603,L
姚记科技,2605,L
大连电瓷,2606,L
中公教育,2607,L
江苏国信,2608,L
捷顺科技,2609,L
东方精工,2611,L
朗姿股份,2612,L
北玻股份,2613,L
奥佳华,2614,L
哈尔斯,2615,L
长青集团,2616,L
露笑科技,2617,L
*ST瑞和,2620,L
皓宸医疗,2622,L
亚玛顿,2623,L
完美世界,2624,L
光启技术,2625,L
金达威,2626,L
三峡旅游,2627,L
成都路桥,2628,L
仁智股份,2629,L
*ST华西,2630,L
德尔未来,2631,L
道明光学,2632,L
申科股份,2633,L
*ST棒杰,2634,L
安洁科技,2635,L
金安国纪,2636,L
赞宇科技,2637,L
勤上股份,2638,L
雪人集团,2639,L
跨境通,2640,L
公元股份,2641,L
荣联科技,2642,L
万润股份,2643,L
佛慈制药,2644,L
华宏科技,2645,L
天佑德酒,2646,L
仁东控股,2647,L
卫星化学,2648,L
博彦科技,2649,L
ST加加,2650,L
利君股份,2651,L
扬子新材,2652,L
海思科,2653,L
万润科技,2654,L
共达电声,2655,L
*ST摩登,2656,L
中科金财,2657,L
雪迪龙,2658,L
凯文教育,2659,L
茂硕电源,2660,L
克明食品,2661,L
峰璟股份,2662,L
普邦股份,2663,L
信质集团,2664,L
德联集团,2666,L
*ST威领,2667,L
TCL智家,2668,L
康达新材,2669,L
国盛证券,2670,L
龙泉股份,2671,L
东江环保,2672,L
西部证券,2673,L
兴业科技,2674,L
东诚药业,2675,L
顺威股份,2676,L
浙江美大,2677,L
珠江钢琴,2678,L
福建金森,2679,L
奋达科技,2681,L
龙洲股份,2682,L
广东宏大,2683,L
华东重机,2685,L
亿利达,2686,L
乔治白,2687,L
金河生物,2688,L
ST远智,2689,L
美亚光电,2690,L
*ST冀凯,2691,L
远程股份,2692,L
双成药业,2693,L
*ST顾地,2694,L
煌上煌,2695,L
百洋股份,2696,L
红旗连锁,2697,L
博实股份,2698,L
万憬能源,2700,L
奥瑞金,2701,L
海欣食品,2702,L
浙江世宝,2703,L
新宝股份,2705,L
良信股份,2706,L
众信旅游,2707,L
光洋股份,2708,L
天赐材料,2709,L
思美传媒,2712,L
*ST东易,2713,L
牧原股份,2714,L
登云股份,2715,L
湖南白银,2716,L
*ST岭南,2717,L
友邦吊顶,2718,L
ST麦趣,2719,L
金一文化,2721,L
物产金轮,2722,L
小崧股份,2723,L
海洋王,2724,L
跃岭股份,2725,L
ST龙大,2726,L
一心堂,2727,L
特一药业,2728,L
好利科技,2729,L
电光科技,2730,L
ST萃华,2731,L
燕塘乳业,2732,L
雄韬股份,2733,L
利民股份,2734,L
王子新材,2735,L
国信证券,2736,L
葵花药业,2737,L
中矿资源,2738,L
儒意电影,2739,L
光华科技,2741,L
冀衡医药,2742,L
富煌钢构,2743,L
木林森,2745,L
仙坛股份,2746,L
埃斯顿,2747,L
世龙实业,2748,L
国光股份,2749,L
昇兴股份,2752,L
永东股份,2753,L
奥赛康,2755,L
永兴材料,2756,L
南兴股份,2757,L
浙农股份,2758,L
天际股份,2759,L
凤形股份,2760,L
浙江建投,2761,L
*ST金比,2762,L
汇洁股份,2763,L
蓝黛科技,2765,L
索菱股份,2766,L
先锋电子,2767,L
国恩股份,2768,L
普路通,2769,L
真视通,2771,L
众兴菌业,2772,L
康弘药业,2773,L
快意电梯,2774,L
文科股份,2775,L
久远银海,2777,L
中晟高科,2778,L
中坚科技,2779,L
三夫户外,2780,L
可立克,2782,L
凯龙股份,2783,L
万里石,2785,L
银宝山新,2786,L
华源控股,2787,L
鹭燕医药,2788,L
*ST建艺,2789,L
瑞尔特,2790,L
坚朗五金,2791,L
通宇通讯,2792,L
罗欣药业,2793,L
永和智控,2795,L
世嘉科技,2796,L
第一创业,2797,L
帝欧水华,2798,L
环球印务,2799,L
天顺股份,2800,L
微光股份,2801,L
洪汇新材,2802,L
吉宏股份,2803,L
丰元股份,2805,L
华锋股份,2806,L
江阴银行,2807,L
*ST恒久,2808,L
红墙股份,2809,L
山东赫达,2810,L
郑中设计,2811,L
恩捷股份,2812,L
路畅科技,2813,L
崇达技术,2815,L
*ST和科,2816,L
黄山胶囊,2817,L
富森美,2818,L
东方中科,2819,L
桂发祥,2820,L
凯莱英,2821,L
ST中装,2822,L
凯中精密,2823,L
和胜股份,2824,L
纳尔股份,2825,L
易明医药,2826,L
高争民爆,2827,L
贝肯能源,2828,L
星网宇达,2829,L
名雕股份,2830,L
裕同科技,2831,L
比音勒芬,2832,L
弘亚数控,2833,L
同为股份,2835,L
新宏泽,2836,L
英维克,2837,L
道恩股份,2838,L
张家港行,2839,L
华统股份,2840,L
视源股份,2841,L
翔鹭钨业,2842,L
泰嘉股份,2843,L
同兴达,2845,L
英联股份,2846,L
盐津铺子,2847,L
高斯贝尔,2848,L
威星智能,2849,L
科达利,2850,L
麦格米特,2851,L
道道全,2852,L
皮阿诺,2853,L
捷荣技术,2855,L
*ST美芝,2856,L
三晖电气,2857,L
力盛体育,2858,L
洁美科技,2859,L
星帅尔,2860,L
瀛通通讯,2861,L
实丰文化,2862,L
今飞凯达,2863,L
盘龙药业,2864,L
钧达股份,2865,L
传艺科技,2866,L
周大生,2867,L
绿康生化,2868,L
金溢科技,2869,L
香山股份,2870,L
伟隆股份,2871,L
ST天圣,2872,L
新天药业,2873,L
安奈儿,2875,L
三利谱,2876,L
智能自控,2877,L
元隆雅图,2878,L
长缆科技,2879,L
卫光生物,2880,L
美格智能,2881,L
金龙羽,2882,L
*ST中设,2883,L
凌霄泵业,2884,L
京泉华,2885,L
沃特股份,2886,L
绿茵生态,2887,L
惠威科技,2888,L
东方嘉盛,2889,L
弘宇股份,2890,L
中宠股份,2891,L
科力尔,2892,L
京能热力,2893,L
川恒股份,2895,L
中大力德,2896,L
意华股份,2897,L
*ST赛隆,2898,L
英派斯,2899,L
哈三联,2900,L
大博医疗,2901,L
铭普光磁,2902,L
宇环数控,2903,L
金逸影视,2905,L
华阳集团,2906,L
华森制药,2907,L
德生科技,2908,L
集泰股份,2909,L
庄园牧场,2910,L
佛燃能源,2911,L
中新赛克,2912,L
奥士康,2913,L
中欣氟材,2915,L
深南电路,2916,L
金奥博,2917,L
蒙娜丽莎,2918,L
名臣健康,2919,L
德赛西威,2920,L
联诚精密,2921,L
伊戈尔,2922,L
润都股份,2923,L
盈趣科技,2925,L
华西证券,2926,L
泰永长征,2927,L
华夏航空,2928,L
润建股份,2929,L
宏川智慧,2930,L
锋龙股份,2931,L
*ST明德,2932,L
新兴装备,2933,L
天奥电子,2935,L
郑州银行,2936,L
兴瑞科技,2937,L
鹏鼎控股,2938,L
长城证券,2939,L
昂利康,2940,L
新疆交建,2941,L
新农股份,2942,L
宇晶股份,2943,L
华林证券,2945,L
新乳业,2946,L
恒铭达,2947,L
青岛银行,2948,L
华阳国际,2949,L
奥美医疗,2950,L
金时科技,2951,L
亚世光电,2952,L
日丰股份,2953,L
鸿合科技,2955,L
西麦食品,2956,L
科瑞技术,2957,L
青农商行,2958,L
小熊电器,2959,L
青鸟智控,2960,L
瑞达期货,2961,L
五方光电,2962,L
豪尔赛,2963,L
祥鑫科技,2965,L
苏州银行,2966,L
广电计量,2967,L
新大正,2968,L
嘉美包装,2969,L
锐明技术,2970,L
和远气体,2971,L
科安达,2972,L
侨银股份,2973,L
博杰股份,2975,L
瑞玛精密,2976,L
*ST天箭,2977,L
安宁股份,2978,L
雷赛智能,2979,L
华盛昌,2980,L
朝阳科技,2981,L
湘佳股份,2982,L
芯瑞达,2983,L
森麒麟,2984,L
北摩高科,2985,L
宇新股份,2986,L
京北方,2987,L
豪美新材,2988,L
中天精装,2989,L
盛视科技,2990,L
甘源食品,2991,L
宝明科技,2992,L
奥海科技,2993,L
天地在线,2995,L
顺博合金,2996,L
瑞鹄模具,2997,L
优彩资源,2998,L
天禾股份,2999,L
劲仔食品,3000,L
中岩大地,3001,L
壶化股份,3002,L
天元股份,3003,L
声迅股份,3004,L
竞业达,3005,L
百亚股份,3006,L
直真科技,3007,L
开普检测,3008,L
中天火箭,3009,L
若羽臣,3010,L
海象新材,3011,L
东鹏控股,3012,L
地铁设计,3013,L
日久光电,3015,L
欣贺股份,3016,L
大洋生物,3017,L
金富科技,3018,L
宸展光电,3019,L
立方制药,3020,L
兆威机电,3021,L
联泓新科,3022,L
彩虹集团,3023,L
思进智能,3025,L
中晶科技,3026,L
同兴科技,3027,L
振邦智能,3028,L
吉大正元,3029,L
祖名股份,3030,L
中瓷电子,3031,L
传智教育,3032,L
征和工业,3033,L
南网能源,3035,L
泰坦股份,3036,L
三和管桩,3037,L
鑫铂股份,3038,L
顺控发展,3039,L
楚天龙,3040,L
真爱美家,3041,L
中农联合,3042,L
华亚智能,3043,L
中国广核,3816,L
特锐德,300001,L
神州泰岳,300002,L
乐普医疗,300003,L
南风股份,300004,L
探路者,300005,L
莱美药业,300006,L
汉威科技,300007,L
天海防务,300008,L
安科生物,300009,L
ST豆神,300010,L
鼎汉技术,300011,L
华测检测,300012,L
新宁物流,300013,L
亿纬锂能,300014,L
爱尔眼科,300015,L
北陆药业,300016,L
网宿科技,300017,L
中元股份,300018,L
硅宝科技,300019,L
ST银江,300020,L
大禹节水,300021,L
吉峰科技,300022,L
机器人,300024,L
华星创业,300025,L
红日药业,300026,L
ST华谊,300027,L
天龙退,300029,L
阳普医疗,300030,L
宝通科技,300031,L
金龙机电,300032,L
同花顺,300033,L
钢研高纳,300034,L
中科电气,300035,L
超图软件,300036,L
新宙邦,300037,L
上海凯宝,300039,L
九洲集团,300040,L
回天新材,300041,L
朗科科技,300042,L
星辉娱乐,300043,L
*ST赛为,300044,L
华力创通,300045,L
台基股份,300046,L
天源迪科,300047,L
合康新能,300048,L
福瑞医科,300049,L
世纪鼎利,300050,L
琏升科技,300051,L
中青宝,300052,L
航宇微,300053,L
鼎龙股份,300054,L
万邦达,300055,L
中创环保,300056,L
万顺新材,300057,L
蓝色光标,300058,L
东方财富,300059,L
旗天科技,300061,L
中能电气,300062,L
天龙集团,300063,L
海兰信,300065,L
三川智慧,300066,L
安诺其,300067,L
ST南都,300068,L
金利华电,300069,L
碧水源,300070,L
福石控股,300071,L
海新能科,300072,L
当升科技,300073,L
华平股份,300074,L
数字政通,300075,L
*ST宁视,300076,L
国民技术,300077,L
思创智联,300078,L
数码视讯,300079,L
易成新能,300080,L
ST恒信,300081,L
奥克股份,300082,L
创世纪,300083,L
海默科技,300084,L
银之杰,300085,L
康芝药业,300086,L
荃银高科,300087,L
长信科技,300088,L
*ST金灵,300091,L
科新机电,300092,L
金刚光伏,300093,L
国联水产,300094,L
华伍股份,300095,L
ST易联众,300096,L
智云股份,300097,L
高新兴,300098,L
尤洛卡,300099,L
双林股份,300100,L
振芯科技,300101,L
乾照光电,300102,L
达刚控股,300103,L
龙源技术,300105,L
西部牧业,300106,L
建新股份,300107,L
新开源,300109,L
华仁药业,300110,L
向日葵,300111,L
万讯自控,300112,L
顺网科技,300113,L
长盈精密,300115,L
东方日升,300118,L
瑞普生物,300119,L
经纬辉开,300120,L
阳谷华泰,300121,L
智飞生物,300122,L
ST亚光,300123,L
汇川技术,300124,L
*ST聆达,300125,L
锐奇股份,300126,L
银河磁体,300127,L
锦富技术,300128,L
泰胜风能,300129,L
新国都,300130,L
英唐智控,300131,L
青松股份,300132,L
华策影视,300133,L
大富科技,300134,L
宝利国际,300135,L
信维通信,300136,L
先河环保,300137,L
晨光生物,300138,L
晓程科技,300139,L
节能环境,300140,L
和顺电气,300141,L
沃森生物,300142,L
盈康生命,300143,L
宋城演艺,300144,L
南方泵业,300145,L
汤臣倍健,300146,L
*ST香雪,300147,L
天舟文化,300148,L
睿智医药,300149,L
世纪瑞尔,300150,L
昌红科技,300151,L
*ST动力,300152,L
科泰电源,300153,L
瑞凌股份,300154,L
安居宝,300155,L
新锦动力,300157,L
振东制药,300158,L
*ST新研,300159,L
秀强股份,300160,L
华中数控,300161,L
雷曼光电,300162,L
先锋新材,300163,L
通源石油,300164,L
天瑞仪器,300165,L
东方国信,300166,L
ST迪威迅,300167,L
万达信息,300168,L
天晟新材,300169,L
汉得信息,300170,L
东富龙,300171,L
中电环保,300172,L
ST福能,300173,L
元力股份,300174,L
朗源股份,300175,L
鸿特科技,300176,L
中海达,300177,L
四方达,300179,L
华峰超纤,300180,L
佐力药业,300181,L
捷成股份,300182,L
东软载波,300183,L
力源信息,300184,L
通裕重工,300185,L
永清环保,300187,L
国投智能,300188,L
神农种业,300189,L
维尔利,300190,L
潜能恒信,300191,L
科德教育,300192,L
佳士科技,300193,L
福安药业,300194,L
长荣股份,300195,L
长海股份,300196,L
节能铁汉,300197,L
*ST纳川,300198,L
翰宇药业,300199,L
高盟新材,300200,L
海伦哲,300201,L
聚光科技,300203,L
舒泰神,300204,L
*ST天喻,300205,L
理邦仪器,300206,L
欣旺达,300207,L
行云科技,300209,L
森远股份,300210,L
*ST亿通,300211,L
*ST易录,300212,L
佳讯飞鸿,300213,L
日科化学,300214,L
电科院,300215,L
东方电热,300217,L
安利股份,300218,L
鸿利智汇,300219,L
金运激光,300220,L
银禧科技,300221,L
科大智能,300222,L
北京君正,300223,L
正海磁材,300224,L
金力泰,300225,L
上海钢联,300226,L
光韵达,300227,L
富瑞特装,300228,L
拓尔思,300229,L
永利股份,300230,L
银信科技,300231,L
洲明科技,300232,L
金城医药,300233,L
开尔新材,300234,L
方直科技,300235,L
上海新阳,300236,L
ST美晨,300237,L
冠昊生物,300238,L
东宝生物,300239,L
飞力达,300240,L
瑞丰光电,300241,L
佳云科技,300242,L
瑞丰高材,300243,L
迪安诊断,300244,L
ST天玑,300245,L
宝莱特,300246,L
融捷健康,300247,L
新开普,300248,L
依米康,300249,L
初灵信息,300250,L
光线传媒,300251,L
金信诺,300252,L
卫宁健康,300253,L
仟源医药,300254,L
常山药业,300255,L
星星科技,300256,L
开山股份,300257,L
精锻科技,300258,L
新天科技,300259,L
新莱应材,300260,L
雅本化学,300261,L
隆华科技,300263,L
佳创视讯,300264,L
通光线缆,300265,L
兴源环境,300266,L
尔康制药,300267,L
佳沃食品,300268,L
联建光电,300269,L
中威电子,300270,L
华宇软件,300271,L
开能健康,300272,L
阳光电源,300274,L
梅安森,300275,L
三丰智能,300276,L
汽轮科技,300277,L
华昌达,300278,L
和晶科技,300279,L
金明精机,300281,L
温州宏丰,300283,L
苏交科,300284,L
国瓷材料,300285,L
安科瑞,300286,L
飞利信,300287,L
朗玛信息,300288,L
利德曼,300289,L
荣科科技,300290,L
百纳千成,300291,L
吴通控股,300292,L
蓝英装备,300293,L
博雅生物,300294,L
*ST三六五,300295,L
利亚德,300296,L
三诺生物,300298,L
富春股份,300299,L
海峡创新,300300,L
ST长方,300301,L
同有科技,300302,L
聚飞光电,300303,L
云意电气,300304,L
裕兴股份,300305,L
远方信息,300306,L
慈星股份,300307,L
中际旭创,300308,L
宜通世纪,300310,L
ST任子行,300311,L
*ST天山,300313,L
戴维医疗,300314,L
掌趣科技,300315,L
晶盛机电,300316,L
珈伟新能,300317,L
博晖创新,300318,L
麦捷科技,300319,L
海达股份,300320,L
同大股份,300321,L
硕贝德,300322,L
华灿光电,300323,L
旋极信息,300324,L
ST凯利,300326,L
中颖电子,300327,L
宜安科技,300328,L
海伦钢琴,300329,L
苏大维格,300331,L
天壕能源,300332,L
兆日科技,300333,L
津膜科技,300334,L
迪森股份,300335,L
银邦股份,300337,L
*ST开元,300338,L
润和软件,300339,L
科恒股份,300340,L
麦克奥迪,300341,L
天银机电,300342,L
联创股份,300343,L
华民股份,300345,L
南大光电,300346,L
泰格医药,300347,L
长亮科技,300348,L
金卡智能,300349,L
华鹏飞,300350,L
永贵电器,300351,L
ST信源,300352,L
东土科技,300353,L
东华测试,300354,L
蒙草生态,300355,L
我武生物,300357,L
楚天科技,300358,L
全通教育,300359,L
炬华科技,300360,L
博腾股份,300363,L
中文在线,300364,L
恒华科技,300365,L
ST创意,300366,L
汇金股份,300368,L
绿盟科技,300369,L
安控科技,300370,L
汇中股份,300371,L
扬杰科技,300373,L
中铁装配,300374,L
鹏翎股份,300375,L
易事特,300376,L
赢时胜,300377,L
鼎捷数智,300378,L
安硕信息,300380,L
溢多利,300381,L
斯莱克,300382,L
光环新网,300383,L
三联虹普,300384,L
ST雪浪,300385,L
飞天诚信,300386,L
富邦科技,300387,L
节能国祯,300388,L
艾比森,300389,L
天华新能,300390,L
中来股份,300393,L
天孚通信,300394,L
菲利华,300395,L
ST迪瑞,300396,L
天和防务,300397,L
飞凯材料,300398,L
天利科技,300399,L
劲拓股份,300400,L
花园生物,300401,L
宝色股份,300402,L
汉宇集团,300403,L
博济医药,300404,L
科隆股份,300405,L
九强生物,300406,L
凯发电气,300407,L
三环集团,300408,L
道氏技术,300409,L
正业科技,300410,L
金盾股份,300411,L
迦南科技,300412,L
芒果超媒,300413,L
中光防雷,300414,L
伊之密,300415,L
苏试试验,300416,L
南华仪器,300417,L
昆仑万维,300418,L
ST浩丰,300419,L
五洋自控,300420,L
力星股份,300421,L
博世科,300422,L
昇辉科技,300423,L
航新科技,300424,L
中建环能,300425,L
华智数媒,300426,L
红相股份,300427,L
立中集团,300428,L
强力新材,300429,L
*ST益通,300430,L
富临精工,300432,L
蓝思科技,300433,L
金石亚药,300434,L
中泰股份,300435,L
广生堂,300436,L
清水源,300437,L
鹏辉能源,300438,L
美康生物,300439,L
运达科技,300440,L
鲍斯股份,300441,L
润泽科技,300442,L
金雷股份,300443,L
双杰电气,300444,L
康斯特,300445,L
航天智造,300446,L
全信股份,300447,L
浩云科技,300448,L
汉邦高科,300449,L
先导智能,300450,L
创业慧康,300451,L
山河药辅,300452,L
三鑫医疗,300453,L
深信服,300454,L
航天智装,300455,L
赛微电子,300456,L
赢合科技,300457,L
全志科技,300458,L
汤姆猫,300459,L
ST惠伦,300460,L
田中精机,300461,L
ST华铭,300462,L
迈克生物,300463,L
星徽股份,300464,L
高伟达,300465,L
赛摩智能,300466,L
迅游科技,300467,L
四方精创,300468,L
信息发展,300469,L
中密控股,300470,L
厚普股份,300471,L
*ST新元,300472,L
德尔股份,300473,L
景嘉微,300474,L
香农芯创,300475,L
胜宏科技,300476,L
ST合纵,300477,L
杭州高新,300478,L
神思电子,300479,L
光力科技,300480,L
濮阳惠成,300481,L
万孚生物,300482,L
首华燃气,300483,L
蓝海华腾,300484,L
赛升药业,300485,L
东杰智能,300486,L
蓝晓科技,300487,L
恒锋工具,300488,L
光智科技,300489,L
华自科技,300490,L
通合科技,300491,L
华图山鼎,300492,L
润欣科技,300493,L
盛天网络,300494,L
中科创达,300496,L
富祥股份,300497,L
温氏股份,300498,L
高澜股份,300499,L
启迪设计,300500,L
海顺新材,300501,L
新易盛,300502,L
昊志机电,300503,L
天邑股份,300504,L
川金诺,300505,L
名家汇,300506,L
苏奥传感,300507,L
维宏股份,300508,L
新美星,300509,L
金冠股份,300510,L
雪榕生物,300511,L
中亚股份,300512,L
恒实科技,300513,L
友讯达,300514,L
三德科技,300515,L
久之洋,300516,L
海波重科,300517,L
新迅达,300518,L
新光药业,300519,L
科大国创,300520,L
爱司凯,300521,L
世名科技,300522,L
辰安科技,300523,L
博思软件,300525,L
ST应急,300527,L
幸福蓝海,300528,L
健帆生物,300529,L
领湃科技,300530,L
优博讯,300531,L
今天国际,300532,L
冰川网络,300533,L
陇神戎发,300534,L
达威股份,300535,L
农尚环境,300536,L
广信材料,300537,L
同益股份,300538,L
横河精密,300539,L
蜀道装备,300540,L
先进数通,300541,L
新晨科技,300542,L
朗科智能,300543,L
联得装备,300545,L
雄帝科技,300546,L
川环科技,300547,L
长芯博创,300548,L
优德精密,300549,L
和仁科技,300550,L
古鳌科技,300551,L
万集科技,300552,L
集智股份,300553,L
三超新材,300554,L
ST路通,300555,L
丝路视觉,300556,L
理工光科,300557,L
贝达药业,300558,L
佳发教育,300559,L
中富通,300560,L
汇金科技,300561,L
乐心医疗,300562,L
神宇股份,300563,L
筑博设计,300564,L
科信技术,300565,L
激智科技,300566,L
精测电子,300567,L
星源材质,300568,L
天能重工,300569,L
太辰光,300570,L
平治信息,300571,L
安车检测,300572,L
兴齐眼药,300573,L
中旗股份,300575,L
容大感光,300576,L
开润股份,300577,L
会畅科技,300578,L
数字认证,300579,L
贝斯特,300580,L
晨曦航空,300581,L
英飞特,300582,L
赛托生物,300583,L
海辰药业,300584,L
奥联电子,300585,L
美联新材,300586,L
天铁科技,300587,L
熙菱信息,300588,L
江龙船艇,300589,L
移为通信,300590,L
万里马,300591,L
华凯易佰,300592,L
新雷能,300593,L
ST朗进,300594,L
欧普康视,300595,L
利安隆,300596,L
吉大通信,300597,L
诚迈科技,300598,L
雄塑科技,300599,L
国瑞科技,300600,L
康泰生物,300601,L
飞荣达,300602,L
立昂技术,300603,L
长川科技,300604,L
恒锋信息,300605,L
金太阳,300606,L
拓斯达,300607,L
思特奇,300608,L
汇纳科技,300609,L
晨化股份,300610,L
美力科技,300611,L
宣亚国际,300612,L
富瀚微,300613,L
百川畅银,300614,L
欣天科技,300615,L
尚品宅配,300616,L
安靠智电,300617,L
寒锐钴业,300618,L
金银河,300619,L
光库科技,300620,L
维业股份,300621,L
博士眼镜,300622,L
捷捷微电,300623,L
万兴科技,300624,L
三雄极光,300625,L
华瑞股份,300626,L
华测导航,300627,L
亿联网络,300628,L
新劲刚,300629,L
久吾高科,300631,L
光莆股份,300632,L
开立医疗,300633,L
彩讯股份,300634,L
中达安,300635,L
同和药业,300636,L
扬帆新材,300637,L
广和通,300638,L
凯普生物,300639,L
德艺文创,300640,L
正丹股份,300641,L
透景生命,300642,L
万通智控,300643,L
南京聚隆,300644,L
正元智慧,300645,L
超频三,300647,L
星云股份,300648,L
杭州园林,300649,L
太龙股份,300650,L
金陵体育,300651,L
雷迪克,300652,L
正海生物,300653,L
世纪天鸿,300654,L
晶瑞电材,300655,L
民德电子,300656,L
弘信电子,300657,L
延江股份,300658,L
中孚信息,300659,L
江苏雷利,300660,L
圣邦股份,300661,L
科锐国际,300662,L
科蓝软件,300663,L
鹏鹞环保,300664,L
飞鹿股份,300665,L
江丰电子,300666,L
必创科技,300667,L
杰恩股份,300668,L
沪宁股份,300669,L
大烨智能,300670,L
富满微,300671,L
国科微,300672,L
佩蒂股份,300673,L
宇信科技,300674,L
建科院,300675,L
华大基因,300676,L
英科医疗,300677,L
中科信息,300678,L
电连技术,300679,L
隆盛科技,300680,L
英搏尔,300681,L
朗新科技,300682,L
海特生物,300683,L
中石科技,300684,L
艾德生物,300685,L
智动力,300686,L
赛意信息,300687,L
创业黑马,300688,L
澄天伟业,300689,L
双一科技,300690,L
联合光电,300691,L
中赋科技,300692,L
盛弘股份,300693,L
蠡湖股份,300694,L
兆丰股份,300695,L
爱乐达,300696,L
电工合金,300697,L
万马科技,300698,L
光威复材,300699,L
岱勒新材,300700,L
森霸传感,300701,L
天宇股份,300702,L
创源股份,300703,L
九典制药,300705,L
阿石创,300706,L
威唐工业,300707,L
聚灿光电,300708,L
精研科技,300709,L
万隆光电,300710,L
广哈通信,300711,L
永福股份,300712,L
英可瑞,300713,L
凯伦股份,300715,L
*ST泉为,300716,L
华信新材,300717,L
长盛轴承,300718,L
安达维尔,300719,L
海川智能,300720,L
怡达股份,300721,L
新余国科,300722,L
一品红,300723,L
捷佳伟创,300724,L
药石科技,300725,L
宏达电子,300726,L
润禾材料,300727,L
乐歌股份,300729,L
科创信息,300730,L
科创新源,300731,L
设研院,300732,L
西菱动力,300733,L
光弘科技,300735,L
百邦科技,300736,L
科顺股份,300737,L
奥飞数据,300738,L
明阳电路,300739,L
水羊股份,300740,L
华宝股份,300741,L
天地数码,300743,L
欣锐科技,300745,L
汉嘉数智,300746,L
锐科激光,300747,L
金力永磁,300748,L
顶固集创,300749,L
宁德时代,300750,L
迈为股份,300751,L
隆利科技,300752,L
爱朋医疗,300753,L
华致酒行,300755,L
金马游乐,300756,L
罗博特科,300757,L
七彩化学,300758,L
康龙化成,300759,L
迈瑞医疗,300760,L
立华股份,300761,L
上海瀚讯,300762,L
锦浪科技,300763,L
石药创新,300765,L
每日互动,300766,L
震安科技,300767,L
迪普科技,300768,L
德方纳米,300769,L
新媒股份,300770,L
智莱科技,300771,L
运达股份,300772,L
拉卡拉,300773,L
倍杰特,300774,L
三角防务,300775,L
帝尔激光,300776,L
中简科技,300777,L
新城市,300778,L
惠城环保,300779,L
德恩精工,300780,L
因赛集团,300781,L
卓胜微,300782,L
三只松鼠,300783,L
利安科技,300784,L
值得买,300785,L
国林科技,300786,L
海能实业,300787,L
中信出版,300788,L
唐源电气,300789,L
宇瞳光学,300790,L
仙乐健康,300791,L
壹网壹创,300792,L
佳禾智能,300793,L
米奥会展,300795,L
贝斯美,300796,L
钢研纳克,300797,L
锦鸡股份,300798,L
力合科技,300800,L
泰和科技,300801,L
矩子科技,300802,L
指南针,300803,L
广康生化,300804,L
电声股份,300805,L
斯迪克,300806,L
天迈科技,300807,L
久量股份,300808,L
华辰装备,300809,L
中科海讯,300810,L
铂科新材,300811,L
易天股份,300812,L
泰林生物,300813,L
中富电路,300814,L
玉禾田,300815,L
艾可蓝,300816,L
双飞集团,300817,L
耐普矿机,300818,L
聚杰微纤,300819,L
英杰电气,300820,L
东岳硅材,300821,L
贝仕达克,300822,L
建科智能,300823,L
北鼎股份,300824,L
阿尔特,300825,L
测绘股份,300826,L
上能电气,300827,L
锐新科技,300828,L
金丹科技,300829,L
金现代,300830,L
ST派瑞,300831,L
新产业,300832,L
浩洋股份,300833,L
星辉环材,300834,L
龙磁科技,300835,L
佰奥智能,300836,L
浙矿股份,300837,L
浙江力诺,300838,L
博汇股份,300839,L
酷特智能,300840,L
康华生物,300841,L
帝科股份,300842,L
胜蓝股份,300843,L
山水比德,300844,L
捷安高科,300845,L
首都在线,300846,L
中船汉光,300847,L
美瑞新材,300848,L
锦盛新材,300849,L
新强联,300850,L
交大思诺,300851,L
四会富仕,300852,L
申昊科技,300853,L
中兰环保,300854,L
图南股份,300855,L
科思股份,300856,L
协创数据,300857,L
科拓生物,300858,L
西域旅游,300859,L
锋尚文化,300860,L
美畅股份,300861,L
蓝盾光电,300862,L
卡倍亿,300863,L
南大环境,300864,L
大宏立,300865,L
安克创新,300866,L
圣元环保,300867,L
杰美特,300868,L
康泰医学,300869,L
欧陆通,300870,L
回盛生物,300871,L
天阳科技,300872,L
海晨股份,300873,L
捷强装备,300875,L
蒙泰高新,300876,L
金春股份,300877,L
维康药业,300878,L
大叶股份,300879,L
迦南智能,300880,L
盛德鑫泰,300881,L
万胜智能,300882,L
龙利得,300883,L
狄耐克,300884,L
海昌新材,300885,L
华业香料,300886,L
谱尼测试,300887,L
稳健医疗,300888,L
爱克股份,300889,L
翔丰华,300890,L
惠云钛业,300891,L
品渥食品,300892,L
松原安全,300893,L
火星人,300894,L
铜牛信息,300895,L
爱美客,300896,L
山科智能,300897,L
熊猫乳品,300898,L
上海凯鑫,300899,L
广联航空,300900,L
中胤时尚,300901,L
国安达,300902,L
科翔股份,300903,L
威力传动,300904,L
宝丽迪,300905,L
日月明,300906,L
康平科技,300907,L
仲景食品,300908,L
汇创达,300909,L
瑞丰新材,300910,L
亿田智能,300911,L
凯龙高科,300912,L
兆龙互连,300913,L
海融科技,300915,L
朗特智能,300916,L
特发服务,300917,L
南山智尚,300918,L
中伟新材,300919,L
润阳科技,300920,L
南凌科技,300921,L
天秦装备,300922,L
研奥股份,300923,L
法本信息,300925,L
博俊科技,300926,L
江天化学,300927,L
华安鑫创,300928,L
华骐环保,300929,L
屹通新材,300930,L
通用电梯,300931,L
三友联众,300932,L
中辰股份,300933,L
盈建科,300935,L
中英科技,300936,L
药易购,300937,L
信测标准,300938,L
秋田微,300939,L
南极光,300940,L
创识科技,300941,L
易瑞生物,300942,L
春晖智控,300943,L
曼卡龙,300945,L
恒而达,300946,L
德必集团,300947,L
冠中生态,300948,L
奥雅股份,300949,L
德固特,300950,L
博硕科技,300951,L
恒辉安防,300952,L
震裕科技,300953,L
嘉亨家化,300955,L
英力股份,300956,L
贝泰妮,300957,L
建工修复,300958,L
线上线下,300959,L
通业科技,300960,L
深水海纳,300961,L
中金辐照,300962,L
中洲特材,300963,L
本川智能,300964,L
恒宇信通,300965,L
共同药业,300966,L
晓鸣股份,300967,L
格林精密,300968,L
恒帅股份,300969,L
华绿生物,300970,L
博亚精工,300971,L
万辰集团,300972,L
立高食品,300973,L
商络电子,300975,L
达瑞电子,300976,L
深圳瑞捷,300977,L
东箭科技,300978,L
华利集团,300979,L
祥源新材,300980,L
中红医疗,300981,L
苏文电能,300982,L
尤安设计,300983,L
金沃股份,300984,L
致远新能,300985,L
志特新材,300986,L
川网传媒,300987,L
津荣天宇,300988,L
蕾奥规划,300989,L
同飞股份,300990,L
创益通,300991,L
泰福泵业,300992,L
玉马科技,300993,L
久祺股份,300994,L
奇德新材,300995,L
普联软件,300996,L
欢乐家,300997,L
宁波方正,300998,L
金龙鱼,300999,L
肇民科技,301000,L
凯淳股份,301001,L
崧盛股份,301002,L
江苏博云,301003,L
嘉益股份,301004,L
超捷股份,301005,L
迈拓股份,301006,L
德迈仕,301007,L
宏昌科技,301008,L
可靠股份,301009,L
晶雪节能,301010,L
华立科技,301011,L
扬电科技,301012,L
利和兴,301013,L
百洋医药,301015,L
雷尔伟,301016,L
漱玉平民,301017,L
申菱环境,301018,L
宁波色母,301019,L
密封科技,301020,L
英诺激光,301021,L
海泰科,301022,L
奕帆传动,301023,L
霍普股份,301024,L
读客文化,301025,L
浩通科技,301026,L
华蓝集团,301027,L
鼎熔岩,301028,L
怡合达,301029,L
*ST仕净,301030,L
中熔电气,301031,L
新柴股份,301032,L
迈普医学,301033,L
润丰股份,301035,L
双乐股份,301036,L
保立佳,301037,L
深水规院,301038,L
中集车辆,301039,L
中环海陆,301040,L
金百泽,301041,L
安联锐视,301042,L
绿岛风,301043,L
天禄科技,301045,L
能辉科技,301046,L
义翘神州,301047,L
金鹰重工,301048,L
超越科技,301049,L
雷电微力,301050,L
信濠光电,301051,L
果麦文化,301052,L
远信工业,301053,L
张小泉,301055,L
森赫股份,301056,L
汇隆新材,301057,L
中粮科工,301058,L
金三江,301059,L
兰卫医学,301060,L
匠心家居,301061,L
上海艾录,301062,L
海锅股份,301063,L
本立科技,301065,L
万事利,301066,L
显盈科技,301067,L
大地海洋,301068,L
凯盛新材,301069,L
开勒股份,301070,L
力量钻石,301071,L
中捷精工,301072,L
君亭酒店,301073,L
多瑞医药,301075,L
新瀚新材,301076,L
星华新材,301077,L
孩子王,301078,L
邵阳液压,301079,L
百普赛斯,301080,L
严牌股份,301081,L
久盛电气,301082,L
百胜智能,301083,L
亚康股份,301085,L
鸿富瀚,301086,L
可孚医疗,301087,L
戎美股份,301088,L
拓新药业,301089,L
华润材料,301090,L
深城交,301091,L
争光股份,301092,L
华兰股份,301093,L
广立微,301095,L
百诚医药,301096,L
天益医疗,301097,L
金埔园林,301098,L
雅创电子,301099,L
风光股份,301100,L
明月镜片,301101,L
兆讯传媒,301102,L
何氏眼科,301103,L
鸿铭股份,301105,L
骏成科技,301106,L
瑜欣电子,301107,L
洁雅股份,301108,L
军信股份,301109,L
青木科技,301110,L
粤万年青,301111,L
信邦智能,301112,L
雅艺科技,301113,L
联检科技,301115,L
益客食品,301116,L
佳缘科技,301117,L
恒光股份,301118,L
正强股份,301119,L
新特电气,301120,L
紫建电子,301121,L
采纳股份,301122,L
奕东电子,301123,L
腾亚精工,301125,L
达嘉维康,301126,L
武汉天源,301127,L
强瑞技术,301128,L
瑞纳智能,301129,L
西点药业,301130,L
聚赛龙,301131,L
满坤科技,301132,L
金钟股份,301133,L
瑞德智能,301135,L
招标股份,301136,L
哈焊华通,301137,L
华研精机,301138,L
*ST元道,301139,L
中科磁业,301141,L
嘉戎技术,301148,L
隆华新材,301149,L
中一科技,301150,L
冠龙节能,301151,L
天力锂能,301152,L
中科江南,301153,L
海力风电,301155,L
美农生物,301156,L
华塑科技,301157,L
德石股份,301158,L
三维天地,301159,L
翔楼新材,301160,L
唯万密封,301161,L
国能日新,301162,L
宏德股份,301163,L
锐捷网络,301165,L
优宁维,301166,L
建研设计,301167,L
通灵股份,301168,L
零点有数,301169,L
锡南科技,301170,L
易点天下,301171,L
君逸数码,301172,L
毓恬冠佳,301173,L
中科环保,301175,L
逸豪新材,301176,L
迪阿股份,301177,L
天亿马,301178,L
泽宇智能,301179,L
万祥科技,301180,L
标榜股份,301181,L
凯旺科技,301182,L
东田微,301183,L
鸥玛软件,301185,L
超达装备,301186,L
欧圣电气,301187,L
力诺药包,301188,L
奥尼电子,301189,L
善水科技,301190,L
菲菱科思,301191,L
泰祥股份,301192,L
家联科技,301193,L
北路智控,301195,L
唯科科技,301196,L
工大科雅,301197,L
喜悦智行,301198,L
迈赫股份,301199,L
大族数控,301200,L
诚达药业,301201,L
朗威股份,301202,L
国泰环保,301203,L
联特科技,301205,L
三元生物,301206,L
华兰疫苗,301207,L
中亦科技,301208,L
联合化学,301209,L
金杨精密,301210,L
亨迪药业,301211,L
联盛化学,301212,L
观想科技,301213,L
中汽股份,301215,L
万凯新材,301216,L
铜冠铜箔,301217,L
华是科技,301218,L
腾远钴业,301219,L
亚香股份,301220,L
光庭信息,301221,L
浙江恒威,301222,L
中荣股份,301223,L
恒勃股份,301225,L
祥明智能,301226,L
森鹰窗业,301227,L
实朴检测,301228,L
纽泰格,301229,L
泓博医药,301230,L
荣信文化,301231,L
飞沃科技,301232,L
盛帮股份,301233,L
五洲医疗,301234,L
华康洁净,301235,L
软通动力,301236,L
和顺科技,301237,L
瑞泰新材,301238,L
普瑞眼科,301239,L
宏源药业,301246,L
杰创智能,301248,L
威尔高,301251,L
同星科技,301252,L
通力科技,301255,L
华融化学,301256,L
普蕊斯,301257,L
富士莱,301258,L
艾布鲁,301259,L
格力博,301260,L
恒工精密,301261,L
海看股份,301262,L
泰恩康,301263,L
华新科技,301265,L
宇邦新材,301266,L
华厦眼科,301267,L
铭利达,301268,L
华大九天,301269,L
汉仪股份,301270,L
英华特,301272,L
瑞晨环保,301273,L
汉朔科技,301275,L
嘉曼服饰,301276,L
新天地,301277,L
快可电子,301278,L
金道科技,301279,L
珠城科技,301280,L
科源制药,301281,L
金禄电子,301282,L
聚胶股份,301283,L
鸿日达,301285,L
侨源股份,301286,L
康力源,301287,L
清研环境,301288,L
国缆检测,301289,L
东星医疗,301290,L
明阳电气,301291,L
海科新源,301292,L
三博脑科,301293,L
美硕科技,301295,L
新巨丰,301296,L
富乐德,301297,L
东利机械,301298,L
卓创资讯,301299,L
远翔新材,301300,L
川宁生物,301301,L
华如科技,301302,L
真兰仪表,301303,L
朗坤科技,301305,L
西测测试,301306,L
美利信,301307,L
江波龙,301308,L
万得凯,301309,L
鑫宏业,301310,L
昆船智能,301311,L
智立方,301312,L
凡拓数创,301313,L
科瑞思,301314,L
威士顿,301315,L
慧博云通,301316,L
鑫磊股份,301317,L
维海德,301318,L
唯特偶,301319,L
豪江智能,301320,L
翰博高新,301321,L
绿通科技,301322,L
新莱福,301323,L
曼恩斯特,301325,L
捷邦科技,301326,L
华宝新能,301327,L
维峰电子,301328,L
信音电子,301329,L
熵基科技,301330,L
恩威医药,301331,L
德尔玛,301332,L
诺思格,301333,L
天元宠物,301335,L
趣睡科技,301336,L
亚华电子,301337,L
凯格精机,301338,L
通行宝,301339,L
涛涛车业,301345,L
蓝箭电子,301348,L
信德新材,301349,L
普莱得,301353,L
南王科技,301355,L
天振股份,301356,L
北方长龙,301357,L
湖南裕能,301358,L
东南电子,301359,L
荣旗科技,301360,L
众智科技,301361,L
民爆光电,301362,L
美好医疗,301363,L
矩阵股份,301365,L
一博科技,301366,L
瑞迈特,301367,L
丰立智能,301368,L
联动科技,301369,L
国科恒泰,301370,L
敷尔佳,301371,L
科净源,301372,L
凌玮科技,301373,L
致欧科技,301376,L
鼎泰高科,301377,L
通达海,301378,L
天山电子,301379,L
挖金客,301380,L
赛维时代,301381,L
蜂助手,301382,L
天键股份,301383,L
未来电器,301386,L
光大同创,301387,L
欣灵电气,301388,L
隆扬电子,301389,L
经纬股份,301390,L
卡莱特,301391,L
汇成真空,301392,L
昊帆生物,301393,L
仁信新材,301395,L
宏景科技,301396,L
溯联股份,301397,L
星源卓镁,301398,L
英特科技,301399,L
华人健康,301408,L
安培龙,301413,L
协昌科技,301418,L
阿莱德,301419,L
波长光电,301421,L
世纪恒通,301428,L
森泰股份,301429,L
泓淋电力,301439,L
福事特,301446,L
开创电气,301448,L
天溯计量,301449,L
盘古智能,301456,L
钧崴电子,301458,L
丰茂股份,301459,L
博盈特焊,301468,L
恒达新材,301469,L
弘景光电,301479,L
致尚科技,301486,L
盟固利,301487,L
豪恩汽电,301488,L
思泉新材,301489,L
汉桑科技,301491,L
乖宝宠物,301498,L
维科精密,301499,L
飞南资源,301500,L
恒鑫生活,301501,L
华阳智能,301502,L
智迪科技,301503,L
苏州规划,301505,L
民生健康,301507,L
中机认检,301508,L
金凯生科,301509,L
固高科技,301510,L
德福科技,301511,L
智信精密,301512,L
港通医疗,301515,L
中远通,301516,L
陕西华达,301517,L
长华化学,301518,L
舜禹股份,301519,L
万邦医药,301520,L
上大股份,301522,L
儒竞科技,301525,L
国际复材,301526,L
多浦乐,301528,L
福赛科技,301529,L
威马农机,301533,L
浙江华远,301535,L
星宸科技,301536,L
骏鼎达,301538,L
宏鑫科技,301539,L
崇德科技,301548,L
斯菱智驱,301550,L
无线传媒,301551,L
科力装备,301552,L
惠柏新材,301555,L
托普云农,301556,L
常友科技,301557,L
三态股份,301558,L
中集环科,301559,L
众捷汽车,301560,L
云汉芯城,301563,L
中仑新材,301565,L
达利凯普,301566,L
贝隆精密,301567,L
思泰克,301568,L
国科天成,301571,L
艾芬达,301575,L
美信科技,301577,L
辰奕智能,301578,L
爱迪特,301580,L
黄山谷捷,301581,L
建发致新,301584,L
蓝宇股份,301585,L
佳力奇,301586,L
中瑞股份,301587,L
美新科技,301588,L
诺瓦星云,301589,L
优优绿能,301590,L
肯特股份,301591,L
六九一二,301592,L
太力科技,301595,L
瑞迪智驱,301596,L
博科测试,301598,L
慧翰股份,301600,L
惠通科技,301601,L
超研股份,301602,L
乔锋智能,301603,L
绿联科技,301606,L
富特科技,301607,L
博实结,301608,L
山大电力,301609,L
珂玛科技,301611,L
新铝时代,301613,L
浙江华业,301616,L
博苑新材,301617,L
长联科技,301618,L
英思特,301622,L
苏州天脉,301626,L
强达电路,301628,L
矽电股份,301629,L
同宇新材,301630,L
壹连科技,301631,L
广东建科,301632,L
港迪技术,301633,L
泽润新能,301636,L
南网数字,301638,L
联合动力,301656,L
首航新能,301658,L
宏工科技,301662,L
泰禾股份,301665,L
纳百川,301667,L
昊创瑞通,301668,L
新恒汇,301678,L
新广益,301687,L
中航成飞,302132,L
浦发银行,600000,L
白云机场,600004,L
东风股份,600006,L
中国国贸,600007,L
首创环保,600008,L
上海机场,600009,L
包钢股份,600010,L
华能国际,600011,L
皖通高速,600012,L
华夏银行,600015,L
民生银行,600016,L
日照港,600017,L
上港集团,600018,L
宝钢股份,600019,L
中原高速,600020,L
上海电力,600021,L
山东钢铁,600022,L
浙能电力,600023,L
华能水电,600025,L
中远海能,600026,L
华电国际,600027,L
中国石化,600028,L
南方航空,600029,L
中信证券,600030,L
三一重工,600031,L
浙江新能,600032,L
福建高速,600033,L
楚天高速,600035,L
招商银行,600036,L
歌华有线,600037,L
中直股份,600038,L
四川路桥,600039,L
保利发展,600048,L
中国联通,600050,L
宁波联合,600051,L
东望时代,600052,L
*ST九鼎,600053,L
黄山旅游,600054,L
万东医疗,600055,L
中国医药,600056,L
厦门象屿,600057,L
五矿发展,600058,L
古越龙山,600059,L
海信视像,600060,L
国投资本,600061,L
华润双鹤,600062,L
皖维高新,600063,L
南京高科,600064,L
宇通客车,600066,L
冠城新材,600067,L
凤凰光学,600071,L
中船科技,600072,L
光明肉业,600073,L
新疆天业,600075,L
康欣新材,600076,L
澄星股份,600078,L
ST人福,600079,L
ST金花,600080,L
东风科技,600081,L
ST海泰,600082,L
*ST尼雅,600084,L
同仁堂,600085,L
中视传媒,600088,L
特变电工,600089,L
大名城,600094,L
湘财股份,600095,L
云天化,600096,L
开创国际,600097,L
广州发展,600098,L
林海股份,600099,L
同方股份,600100,L
明星电力,600101,L
青山纸业,600103,L
上汽集团,600104,L
永鼎股份,600105,L
重庆路桥,600106,L
*ST尔雅,600107,L
亚盛集团,600108,L
国金证券,600109,L
诺德股份,600110,L
北方稀土,600111,L
浙江东日,600113,L
东睦股份,600114,L
中国东航,600115,L
三峡水利,600116,L
西宁特钢,600117,L
中国卫星,600118,L
*ST长投,600119,L
浙江东方,600120,L
郑州煤电,600121,L
兰花科创,600123,L
铁龙物流,600125,L
杭钢股份,600126,L
金健米业,600127,L
苏豪弘业,600128,L
太极集团,600129,L
波导股份,600130,L
国网信通,600131,L
重庆啤酒,600132,L
东湖高新,600133,L
乐凯胶片,600135,L
ST明诚,600136,L
浪莎股份,600137,L
中青旅,600138,L
兴发集团,600141,L
金发科技,600143,L
长春一东,600148,L
廊坊发展,600149,L
中国船舶,600150,L
航天机电,600151,L
维科技术,600152,L
建发股份,600153,L
华创云信,600155,L
华升股份,600156,L
永泰能源,600157,L
中体产业,600158,L
大龙地产,600159,L
巨化股份,600160,L
天坛生物,600161,L
香江控股,600162,L
中闽能源,600163,L
ST宁科,600165,L
福田汽车,600166,L
联美控股,600167,L
武汉控股,600168,L
ST太重,600169,L
上海建工,600170,L
上海贝岭,600171,L
黄河旋风,600172,L
卧龙新能,600173,L
中国巨石,600176,L
雅戈尔,600177,L
东安动力,600178,L
安通控股,600179,L
*ST瑞茂,600180,L
S佳通,600182,L
生益科技,600183,L
光电股份,600184,L
珠免集团,600185,L
莲花控股,600186,L
*ST国中,600187,L
兖矿能源,600188,L
泉阳泉,600189,L
华资实业,600191,L
长城电工,600192,L
退市创兴,600193,L
中牧股份,600195,L
复星医药,600196,L
伊力特,600197,L
大唐电信,600198,L
金种子酒,600199,L
生物股份,600201,L
哈空调,600202,L
福日电子,600203,L
有研新材,600206,L
安彩高科,600207,L
衢州发展,600208,L
紫江企业,600210,L
西藏药业,600211,L
绿能慧充,600212,L
派斯林,600215,L
浙江医药,600216,L
中再资环,600217,L
全柴动力,600218,L
南山铝业,600219,L
海航控股,600221,L
太龙药业,600222,L
福瑞达,600223,L
亨通股份,600226,L
赤天化,600227,L
返利科技,600228,L
城市传媒,600229,L
沧州大化,600230,L
凌钢股份,600231,L
金鹰股份,600232,L
圆通速递,600233,L
科新发展,600234,L
民丰特纸,600235,L
桂冠电力,600236,L
铜峰电子,600237,L
*ST椰岛,600238,L
ST云城,600239,L
时代万恒,600241,L
*ST海华,600243,L
万通发展,600246,L
陕建股份,600248,L
两面针,600249,L
南京商旅,600250,L
冠农股份,600251,L
中恒集团,600252,L
鑫科材料,600255,L
广汇能源,600256,L
大湖股份,600257,L
首旅酒店,600258,L
中稀有色,600259,L
阳光照明,600261,L
北方股份,600262,L
*ST景谷,600265,L
城建发展,600266,L
海正药业,600267,L
国电南自,600268,L
赣粤高速,600269,L
航天信息,600271,L
开开实业,600272,L
嘉化能源,600273,L
恒瑞医药,600276,L
东方创业,600278,L
重庆港,600279,L
中央商场,600280,L
华阳新材,600281,L
南钢股份,600282,L
钱江水利,600283,L
浦东建设,600284,L
羚锐制药,600285,L
苏豪时尚,600287,L
大恒科技,600288,L
ST信通,600289,L
电投水电,600292,L
三峡新材,600293,L
鄂尔多斯,600295,L
安琪酵母,600298,L
安迪苏,600299,L
维维股份,600300,L
华锡有色,600301,L
ST标准,600302,L
曙光股份,600303,L
恒顺醋业,600305,L
酒钢宏兴,600307,L
华泰股份,600308,L
万华化学,600309,L
广西能源,600310,L
平高电气,600312,L
农发种业,600313,L
上海家化,600315,L
洪都航空,600316,L
新力金融,600318,L
亚星化学,600319,L
振华重工,600320,L
津投城开,600322,L
瀚蓝环境,600323,L
华发股份,600325,L
西藏天路,600326,L
大东方,600327,L
中盐化工,600328,L
达仁堂,600329,L
天通股份,600330,L
宏达股份,600331,L
白云山,600332,L
长春燃气,600333,L
国机汽车,600335,L
澳柯玛,600336,L
ST美克,600337,L
西藏珠峰,600338,L
中油工程,600339,L
*ST华幸,600340,L
航天动力,600343,L
长江通信,600345,L
恒力石化,600346,L
华阳股份,600348,L
山东高速,600350,L
亚宝药业,600351,L
浙江龙盛,600352,L
旭光电子,600353,L
敦煌种业,600354,L
恒丰纸业,600356,L
国旅联合,600358,L
新农开发,600359,L
华微电子,600360,L
创新新材,600361,L
江西铜业,600362,L
联创光电,600363,L
ST通葡,600365,L
宁波韵升,600366,L
红星发展,600367,L
五洲交通,600368,L
西南证券,600369,L
*ST三房,600370,L
万向德农,600371,L
中航机载,600372,L
中文传媒,600373,L
汉马科技,600375,L
首开股份,600376,L
宁沪高速,600377,L
昊华科技,600378,L
宝光股份,600379,L
健康元,600380,L
*ST春天,600381,L
广东明珠,600382,L
金地集团,600383,L
北巴传媒,600386,L
龙净环保,600388,L
江山股份,600389,L
五矿资本,600390,L
航发科技,600391,L
盛和资源,600392,L
盘江股份,600395,L
华电辽能,600396,L
江钨装备,600397,L
海澜之家,600398,L
抚顺特钢,600399,L
红豆股份,600400,L
大有能源,600403,L
动力源,600405,L
国电南瑞,600406,L
安泰集团,600408,L
三友化工,600409,L
华胜天成,600410,L
小商品城,600415,L
湘电股份,600416,L
江淮汽车,600418,L
天润乳业,600419,L
国药现代,600420,L
退市华嵘,600421,L
昆药集团,600422,L
*ST柳化,600423,L
青松建化,600425,L
华鲁恒升,600426,L
中远海特,600428,L
三元股份,600429,L
冠豪高新,600433,L
北方导航,600435,L
片仔癀,600436,L
通威股份,600438,L
瑞贝卡,600439,L
国机通用,600444,L
金证股份,600446,L
华纺股份,600448,L
宁夏建材,600449,L
涪陵电力,600452,L
博通股份,600455,L
宝钛股份,600456,L
时代新材,600458,L
贵研铂业,600459,L
士兰微,600460,L
洪城环境,600461,L
空港股份,600463,L
好当家,600467,L
百利电气,600468,L
风神股份,600469,L
六国化工,600470,L
华光环能,600475,L
*ST湘邮,600476,L
杭萧钢构,600477,L
科力远,600478,L
千金药业,600479,L
凌云股份,600480,L
双良节能,600481,L
中国动力,600482,L
福能股份,600483,L
扬农化工,600486,L
亨通光电,600487,L
津药药业,600488,L
中金黄金,600489,L
鹏欣资源,600490,L
ST龙元,600491,L
凤竹纺织,600493,L
晋西车轴,600495,L
精工钢构,600496,L
驰宏锌锗,600497,L
烽火通信,600498,L
科达制造,600499,L
中化国际,600500,L
航天晨光,600501,L
安徽建工,600502,L
华丽家族,600503,L
西昌电力,600505,L
统一股份,600506,L
方大特钢,600507,L
上海能源,600508,L
天富能源,600509,L
黑牡丹,600510,L
国药股份,600511,L
腾达建设,600512,L
联环药业,600513,L
海南机场,600515,L
方大炭素,600516,L
国网英大,600517,L
康美药业,600518,L
贵州茅台,600519,L
三佳科技,600520,L
华海药业,600521,L
中天科技,600522,L
贵航股份,600523,L
ST长园,600525,L
菲达环保,600526,L
江南高纤,600527,L
中铁工业,600528,L
山东药玻,600529,L
交大昂立,600530,L
豫光金铅,600531,L
栖霞建设,600533,L
天士力,600535,L
中国软件,600536,L
*ST亿晶,600537,L
国发股份,600538,L
狮头股份,600539,L
新赛股份,600540,L
*ST莫高,600543,L
卓郎智能,600545,L
山煤国际,600546,L
山东黄金,600547,L
深高速,600548,L
厦门钨业,600549,L
保变电气,600550,L
时代出版,600551,L
凯盛科技,600552,L
天下秀,600556,L
康缘药业,600557,L
大西洋,600558,L
老白干酒,600559,L
金自天正,600560,L
江西长运,600561,L
国睿科技,600562,L
法拉电子,600563,L
济川药业,600566,L
山鹰国际,600567,L
ST中珠,600568,L
安阳钢铁,600569,L
恒生电子,600570,L
信雅达,600571,L
康恩贝,600572,L
惠泉啤酒,600573,L
淮河能源,600575,L
祥源文旅,600576,L
精达股份,600577,L
京能电力,600578,L
中化装备,600579,L
卧龙电驱,600580,L
*ST八钢,600581,L
天地科技,600582,L
海油工程,600583,L
长电科技,600584,L
海螺水泥,600585,L
金晶科技,600586,L
新华医疗,600587,L
用友网络,600588,L
大位科技,600589,L
泰豪科技,600590,L
龙溪股份,600592,L
大连圣亚,600593,L
益佰制药,600594,L
中孚实业,600595,L
新安股份,600596,L
光明乳业,600597,L
北大荒,600598,L
退市熊猫,600599,L
青岛啤酒,600600,L
方正科技,600601,L
云赛智联,600602,L
广汇物流,600603,L
市北高新,600604,L
汇通能源,600605,L
绿地控股,600606,L
退市沪科,600608,L
金杯汽车,600609,L
中毅达,600610,L
大众交通,600611,L
老凤祥,600612,L
神奇制药,600613,L
鑫源智造,600615,L
金枫酒业,600616,L
国新能源,600617,L
氯碱化工,600618,L
海立股份,600619,L
天宸股份,600620,L
华鑫股份,600621,L
光大嘉宝,600622,L
华谊集团,600623,L
ST复华,600624,L
申达股份,600626,L
新世界,600628,L
华建集团,600629,L
龙头股份,600630,L
浙数文化,600633,L
大众公用,600635,L
退市国化,600636,L
东方明珠,600637,L
新黄浦,600638,L
浦东金桥,600639,L
国脉文化,600640,L
先导基电,600641,L
申能股份,600642,L
爱建集团,600643,L
乐山电力,600644,L
中源协和,600645,L
外高桥,600648,L
城投控股,600649,L
锦江在线,600650,L
飞乐音响,600651,L
申华控股,600653,L
中安科,600654,L
豫园股份,600655,L
信达地产,600657,L
电子城,600658,L
福耀玻璃,600660,L
昂立教育,600661,L
外服控股,600662,L
陆家嘴,600663,L
哈药股份,600664,L
天地源,600665,L
奥瑞德,600666,L
太极实业,600667,L
尖峰集团,600668,L
天目药业,600671,L
东阳光,600673,L
川投能源,600674,L
中华企业,600675,L
交运股份,600676,L
ST金顶,600678,L
上海凤凰,600679,L
百川能源,600681,L
南京新百,600682,L
京投发展,600683,L
珠江股份,600684,L
中船防务,600685,L
金龙汽车,600686,L
上海石化,600688,L
上海三毛,600689,L
海尔智家,600690,L
潞化科技,600691,L
亚通股份,600692,L
东百集团,600693,L
大商股份,600694,L
退市岩石,600696,L
欧亚集团,600697,L
湖南天雁,600698,L
均胜电子,600699,L
舍得酒业,600702,L
三安光电,600703,L
物产中大,600704,L
曲江文旅,600706,L
彩虹股份,600707,L
光明地产,600708,L
苏美达,600710,L
盛屯矿业,600711,L
南宁百货,600712,L
南京医药,600713,L
金瑞矿业,600714,L
文投控股,600715,L
凤凰股份,600716,L
天津港,600717,L
东软集团,600718,L
大连热电,600719,L
中交设计,600720,L
百花医药,600721,L
金牛化工,600722,L
宁波富达,600724,L
云维股份,600725,L
华电能源,600726,L
鲁北化工,600727,L
佳都科技,600728,L
重百集团,600729,L
*ST高科,600730,L
湖南海利,600731,L
爱旭股份,600732,L
北汽蓝谷,600733,L
*ST实达,600734,L
ST新华锦,600735,L
苏州高新,600736,L
中粮糖业,600737,L
丽尚国潮,600738,L
辽宁成大,600739,L
山西焦化,600740,L
华域汽车,600741,L
富维股份,600742,L
华远控股,600743,L
华银电力,600744,L
*ST闻泰,600745,L
江苏索普,600746,L
上实发展,600748,L
西藏旅游,600749,L
华润江中,600750,L
海航科技,600751,L
ST海钦,600753,L
锦江酒店,600754,L
厦门国贸,600755,L
浪潮软件,600756,L
长江传媒,600757,L
辽宁能源,600758,L
ST洲际,600759,L
中航沈飞,600760,L
安徽合力,600761,L
通策医疗,600763,L
中国海防,600764,L
中航重机,600765,L
宁波富邦,600768,L
祥龙电业,600769,L
综艺股份,600770,L
广誉远,600771,L
西藏城投,600773,L
汉商集团,600774,L
南京熊猫,600775,L
东方通信,600776,L
*ST新潮,600777,L
友好集团,600778,L
水井坊,600779,L
通宝能源,600780,L
新钢股份,600782,L
鲁信创投,600783,L
鲁银投资,600784,L
新华百货,600785,L
中储股份,600787,L
鲁抗医药,600789,L
轻纺城,600790,L
京能置业,600791,L
云煤能源,600792,L
宜宾纸业,600793,L
保税科技,600794,L
国电电力,600795,L
钱江生化,600796,L
浙大网新,600797,L
宁波海运,600798,L
渤海化学,600800,L
华新建材,600801,L
福建水泥,600802,L
新奥股份,600803,L
悦达投资,600805,L
济高发展,600807,L
马钢股份,600808,L
山西汾酒,600809,L
神马股份,600810,L
华北制药,600812,L
杭州解百,600814,L
厦工股份,600815,L
建元信托,600816,L
宇通重工,600817,L
ST中路,600818,L
耀皮玻璃,600819,L
隧道股份,600820,L
金开新能,600821,L
上海物贸,600822,L
益民集团,600824,L
新华传媒,600825,L
兰生股份,600826,L
百联股份,600827,L
茂业商业,600828,L
人民同泰,600829,L
香溢融通,600830,L
广电网络,600831,L
第一医药,600833,L
申通地铁,600834,L
上海机电,600835,L
上海九百,600838,L
四川长虹,600839,L
动力新科,600841,L
上工申贝,600843,L
金煤科技,600844,L
宝信软件,600845,L
同济科技,600846,L
万里股份,600847,L
上海临港,600848,L
电科数字,600850,L
海欣股份,600851,L
龙建股份,600853,L
春兰股份,600854,L
航天长峰,600855,L
宁波中百,600857,L
银座股份,600858,L
王府井,600859,L
京城股份,600860,L
北京人力,600861,L
中航高科,600862,L
华能蒙电,600863,L
哈投股份,600864,L
百大集团,600865,L
星湖科技,600866,L
通化东宝,600867,L
梅雁吉祥,600868,L
远东股份,600869,L
石化油服,600871,L
中炬高新,600872,L
梅花生物,600873,L
创业环保,600874,L
东方电气,600875,L
凯盛新能,600876,L
电科芯片,600877,L
航天电子,600879,L
博瑞传播,600880,L
亚泰集团,600881,L
妙可蓝多,600882,L
博闻科技,600883,L
杉杉股份,600884,L
宏发股份,600885,L
国投电力,600886,L
伊利股份,600887,L
新疆众和,600888,L
*ST京化,600889,L
*ST大晟,600892,L
航发动力,600893,L
广日股份,600894,L
张江高科,600895,L
厦门空港,600897,L
长江电力,600900,L
江苏金租,600901,L
贵州燃气,600903,L
三峡能源,600905,L
财达证券,600906,L
无锡银行,600908,L
华安证券,600909,L
中国黄金,600916,L
重庆燃气,600917,L
中泰证券,600918,L
江苏银行,600919,L
苏能股份,600925,L
杭州银行,600926,L
永安期货,600927,L
西安银行,600928,L
雪天盐业,600929,L
华电新能,600930,L
爱柯迪,600933,L
华塑股份,600935,L
北投科技,600936,L
中国海油,600938,L
重庆建工,600939,L
中国移动,600941,L
维远股份,600955,L
新天绿能,600956,L
东方证券,600958,L
江苏有线,600959,L
渤海汽车,600960,L
株冶集团,600961,L
国投中鲁,600962,L
岳阳林纸,600963,L
*ST福成,600965,L
博汇纸业,600966,L
内蒙一机,600967,L
海油发展,600968,L
郴电国际,600969,L
中材国际,600970,L
恒源煤电,600971,L
宝胜股份,600973,L
新五丰,600975,L
健民集团,600976,L
中国电影,600977,L
广安爱众,600979,L
北矿科技,600980,L
苏豪汇鸿,600981,L
宁波能源,600982,L
惠而浦,600983,L
建设机械,600984,L
淮北矿业,600985,L
浙文互联,600986,L
航民股份,600987,L
赤峰黄金,600988,L
宝丰能源,600989,L
四创电子,600990,L
贵绳股份,600992,L
马应龙,600993,L
南网储能,600995,L
贵广网络,600996,L
开滦股份,600997,L
九州通,600998,L
招商证券,600999,L
唐山港,601000,L
晋控煤业,601001,L
晋亿实业,601002,L
柳钢股份,601003,L
重庆钢铁,601005,L
大秦铁路,601006,L
金陵饭店,601007,L
连云港,601008,L
南京银行,601009,L
ST文峰,601010,L
宝泰隆,601011,L
隆基绿能,601012,L
陕西黑猫,601015,L
节能风电,601016,L
宁波港,601018,L
山东出版,601019,L
华钰矿业,601020,L
春秋航空,601021,L
宁波远洋,601022,L
道生天合,601026,L
永兴股份,601033,L
一拖股份,601038,L
赛轮轮胎,601058,L
信达证券,601059,L
中信金属,601061,L
江盐集团,601065,L
中信建投,601066,L
中铝国际,601068,L
西部黄金,601069,L
渝农商行,601077,L
锦江航运,601083,L
国芳集团,601086,L
中国神华,601088,L
福元医药,601089,L
宏盛华源,601096,L
中南传媒,601098,L
太平洋,601099,L
恒立液压,601100,L
昊华能源,601101,L
中国一重,601106,L
四川成渝,601107,L
财通证券,601108,L
中国国航,601111,L
华鼎股份,601113,L
三江购物,601116,L
中国化学,601117,L
海南橡胶,601118,L
宝地矿业,601121,L
四方股份,601126,L
赛力斯,601127,L
常熟银行,601128,L
柏诚股份,601133,L
首创证券,601136,L
博威合金,601137,L
工业富联,601138,L
深圳燃气,601139,L
新城控股,601155,L
东航物流,601156,L
重庆水务,601158,L
天风证券,601162,L
三角轮胎,601163,L
兴业银行,601166,L
西部矿业,601168,L
北京银行,601169,L
杭齿前进,601177,L
中国西电,601179,L
中国铁建,601186,L
厦门银行,601187,L
龙江交通,601188,L
东兴证券,601198,L
江南水务,601199,L
上海环境,601200,L
东材科技,601208,L
国泰海通,601211,L
白银有色,601212,L
君正集团,601216,L
吉鑫科技,601218,L
林洋能源,601222,L
陕西煤业,601225,L
华电科工,601226,L
广州港,601228,L
上海银行,601229,L
环旭电子,601231,L
桐昆股份,601233,L
红塔证券,601236,L
广汽集团,601238,L
英利汽车,601279,L
农业银行,601288,L
青岛港,601298,L
骆驼股份,601311,L
中国平安,601318,L
中国人保,601319,L
秦港股份,601326,L
交通银行,601328,L
绿色动力,601330,L
广深铁路,601333,L
新华保险,601336,L
百隆东方,601339,L
三六零,601360,L
利群股份,601366,L
绿城水务,601368,L
陕鼓动力,601369,L
中原证券,601375,L
兴业证券,601377,L
怡球资源,601388,L
中国中铁,601390,L
工商银行,601398,L
国机重装,601399,L
国联民生,601456,L
通用股份,601500,L
中新集团,601512,L
衢州东峰,601515,L
吉林高速,601518,L
大智慧,601519,L
瑞丰银行,601528,L
东吴证券,601555,L
九牧王,601566,L
三星电气,601567,L
北元化工,601568,L
长沙银行,601577,L
会稽山,601579,L
北辰实业,601588,L
上海电影,601595,L
中国外运,601598,L
浙文影业,601599,L
中国铝业,601600,L
中国太保,601601,L
长城军工,601606,L
上海医药,601607,L
中信重工,601608,L
金田股份,601609,L
中国核建,601611,L
明阳智能,601615,L
广电电气,601616,L
中国中冶,601618,L
嘉泽新能,601619,L
中国人寿,601628,L
长城汽车,601633,L
旗滨集团,601636,L
邮储银行,601658,L
齐鲁银行,601665,L
平煤股份,601666,L
中国建筑,601668,L
中国电建,601669,L
明泰铝业,601677,L
滨化股份,601678,L
友发集团,601686,L
华泰证券,601688,L
拓普集团,601689,L
中银证券,601696,L
中国卫通,601698,L
潞安环能,601699,L
风范股份,601700,L
华峰铝业,601702,L
中创智领,601717,L
ST际华,601718,L
上海电气,601727,L
中国电信,601728,L
中国中车,601766,L
千里科技,601777,L
晶科科技,601778,L
光大证券,601788,L
宁波建工,601789,L
蓝科高新,601798,L
星宇股份,601799,L
中国交建,601800,L
皖新传媒,601801,L
中海油服,601808,L
新华文轩,601811,L
京沪高铁,601816,L
光大银行,601818,L
沪农商行,601825,L
三峰环境,601827,L
美凯龙,601828,L
成都银行,601838,L
中国石油,601857,L
中国科传,601858,L
紫金银行,601860,L
福莱特,601865,L
中远海发,601866,L
中国能建,601868,L
长飞光纤,601869,L
招商轮船,601872,L
正泰电器,601877,L
浙商证券,601878,L
辽港股份,601880,L
中国银河,601881,L
海天精工,601882,L
江河集团,601886,L
中国中免,601888,L
亚星锚链,601890,L
中煤能源,601898,L
紫金矿业,601899,L
南方传媒,601900,L
方正证券,601901,L
京运通,601908,L
浙商银行,601916,L
新集能源,601918,L
中远海控,601919,L
浙版传媒,601921,L
凤凰传媒,601928,L
吉视传媒,601929,L
永辉超市,601933,L
建设银行,601939,L
中国出版,601949,L
苏垦农发,601952,L
东贝集团,601956,L
金钼股份,601958,L
重庆银行,601963,L
中国汽研,601965,L
玲珑轮胎,601966,L
宝钢包装,601968,L
海南矿业,601969,L
招商南油,601975,L
中国核电,601985,L
中国银行,601988,L
南京证券,601990,L
大唐发电,601991,L
金隅集团,601992,L
中金公司,601995,L
丰林集团,601996,L
贵阳银行,601997,L
中信银行,601998,L
出版传媒,601999,L
人民网,603000,L
奥康国际,603001,L
宏昌电子,603002,L
鼎龙科技,603004,L
晶方科技,603005,L
联明股份,603006,L
顺景科技,603007,L
ST喜临门,603008,L
北特科技,603009,L
万盛股份,603010,L
合锻智能,603011,L
创力集团,603012,L
亚普股份,603013,L
威高血净,603014,L
弘讯科技,603015,L
新宏泰,603016,L
中衡设计,603017,L
华设集团,603018,L
中科曙光,603019,L
爱普股份,603020,L
*ST华鹏,603021,L
新通联,603022,L
威帝股份,603023,L
大豪科技,603025,L
石大胜华,603026,L
千禾味业,603027,L
赛福天,603028,L
天鹅股份,603029,L
全筑股份,603030,L
安孚科技,603031,L
德新科技,603032,L
三维股份,603033,L
常熟汽饰,603035,L
如通股份,603036,L
凯众股份,603037,L
华立股份,603038,L
泛微网络,603039,L
新坐标,603040,L
美思德,603041,L
华脉科技,603042,L
广州酒家,603043,L
福达合金,603045,L
浙江黎明,603048,L
中策橡胶,603049,L
科林电气,603050,L
鹿山新材,603051,L
可川科技,603052,L
成都燃气,603053,L
台华新材,603055,L
紫燕食品,603057,L
永吉股份,603058,L
倍加洁,603059,L
国检集团,603060,L
金海通,603061,L
麦加芯彩,603062,L
禾望电气,603063,L
宿迁联盛,603065,L
音飞储存,603066,L
振华股份,603067,L
博通集成,603068,L
海汽集团,603069,L
万控智造,603070,L
物产环能,603071,L
天和磁材,603072,L
彩蝶实业,603073,L
热威股份,603075,L
乐惠国际,603076,L
和邦生物,603077,L
江化微,603078,L
圣达生物,603079,L
新疆火炬,603080,L
大丰实业,603081,L
北自科技,603082,L
剑桥科技,603083,L
天成自控,603085,L
先达股份,603086,L
甘李药业,603087,L
宁波精达,603088,L
正裕工业,603089,L
宏盛股份,603090,L
众鑫股份,603091,L
德力佳,603092,L
南华期货,603093,L
越剑智能,603095,L
新经典,603096,L
江苏华辰,603097,L
森特股份,603098,L
长白山,603099,L
川仪股份,603100,L
汇嘉时代,603101,L
百合股份,603102,L
横店影视,603103,L
芯能科技,603105,L
恒银科技,603106,L
上海汽配,603107,L
润达医疗,603108,L
神驰机电,603109,L
东方材料,603110,L
康尼机电,603111,L
华翔股份,603112,L
金能科技,603113,L
海星股份,603115,L
红蜻蜓,603116,L
万林物流,603117,L
共进股份,603118,L
浙江荣泰,603119,L
肯特催化,603120,L
华培动力,603121,L
合富中国,603122,L
翠微股份,603123,L
江南新材,603124,L
常青科技,603125,L
中材节能,603126,L
昭衍新药,603127,L
华贸物流,603128,L
春风动力,603129,L
云中马,603130,L
上海沪工,603131,L
金徽股份,603132,L
中重科技,603135,L
天目湖,603136,L
恒尚节能,603137,L
海量数据,603138,L
康惠股份,603139,L
万朗磁塑,603150,L
邦基科技,603151,L
上海建科,603153,L
新亚强,603155,L
养元饮品,603156,L
腾龙股份,603158,L
上海亚虹,603159,L
汇顶科技,603160,L
科华控股,603161,L
海通发展,603162,L
圣晖集成,603163,L
荣晟环保,603165,L
福达股份,603166,L
渤海轮渡,603167,L
莎普爱思,603168,L
兰石重装,603169,L
宝立食品,603170,L
税友股份,603171,L
万丰股份,603172,L
福斯达,603173,L
超颖电子,603175,L
汇通集团,603176,L
德创环保,603177,L
圣龙股份,603178,L
新泉股份,603179,L
金牌家居,603180,L
皇马科技,603181,L
嘉华股份,603182,L
建研院,603183,L
弘元绿能,603185,L
华正新材,603186,L
海容冷链,603187,L
亚邦股份,603188,L
*ST网达,603189,L
亚通精工,603190,L
望变电气,603191,L
汇得科技,603192,L
润本股份,603193,L
中力股份,603194,L
公牛集团,603195,L
璞源材料,603196,L
保隆科技,603197,L
迎驾贡酒,603198,L
九华旅游,603199,L
上海洗霸,603200,L
常润股份,603201,L
天有为,603202,L
快克智能,603203,L
健尔康,603205,L
嘉环科技,603206,L
小方制药,603207,L
江山欧派,603208,L
兴通股份,603209,L
泰鸿万立,603210,L
晋拓股份,603211,L
赛伍技术,603212,L
镇洋发展,603213,L
爱婴室,603214,L
比依股份,603215,L
梦天家居,603216,L
元利科技,603217,L
日月股份,603218,L
富佳股份,603219,L
中贝通信,603220,L
爱丽家居,603221,L
济民健康,603222,L
恒通股份,603223,L
新凤鸣,603225,L
菲林格尔,603226,L
雪峰科技,603227,L
景旺电子,603228,L
奥翔药业,603229,L
内蒙新华,603230,L
索宝蛋白,603231,L
格尔软件,603232,L
大参林,603233,L
天新药业,603235,L
移远通信,603236,L
五芳斋,603237,L
诺邦股份,603238,L
浙江仙通,603239,L
锡华科技,603248,L
鼎际得,603255,L
宏和科技,603256,L
中国瑞林,603257,L
电魂网络,603258,L
药明康德,603259,L
合盛硅业,603260,L
立航科技,603261,L
技源集团,603262,L
天龙股份,603266,L
鸿远电子,603267,L
松发股份,603268,L
海鸥股份,603269,L
金帝股份,603270,L
永杰新材,603271,L
*ST联翔,603272,L
天元智能,603273,L
众辰科技,603275,L
恒兴新材,603276,L
银都股份,603277,L
大业股份,603278,L
景津装备,603279,L
南方路机,603280,L
江瀚新材,603281,L
亚光股份,603282,L
赛腾股份,603283,L
键邦股份,603285,L
日盈电子,603286,L
海天味业,603288,L
泰瑞机器,603289,L
斯达半导,603290,L
联合水务,603291,L
华勤技术,603296,L
永新光学,603297,L
杭叉集团,603298,L
苏盐井神,603299,L
海南华铁,603300,L
振德医疗,603301,L
得邦照明,603303,L
旭升集团,603305,L
华懋科技,603306,L
扬州金泉,603307,L
应流股份,603308,L
维力医疗,603309,L
巍华新材,603310,L
金海高科,603311,L
西典新能,603312,L
梦百合,603313,L
福鞍股份,603315,L
诚邦股份,603316,L
天味食品,603317,L
水发燃气,603318,L
美湖股份,603319,L
迪贝电气,603320,L
梅轮电梯,603321,L
超讯科技,603322,L
苏农银行,603323,L
盛剑科技,603324,L
博隆技术,603325,L
我乐家居,603326,L
福蓉科技,603327,L
依顿电子,603328,L
上海雅仕,603329,L
天洋新材,603330,L
百达精工,603331,L
苏州龙杰,603332,L
福华尚纬,603333,L
丰倍生物,603334,L
迪生力,603335,L
宏辉果蔬,603336,L
杰克科技,603337,L
浙江鼎力,603338,L
四方科技,603339,L
龙旗科技,603341,L
星德胜,603344,L
安井食品,603345,L
文灿股份,603348,L
安乃达,603350,L
威尔药业,603351,L
至信股份,603352,L
和顺石油,603353,L
莱克电气,603355,L
华菱精工,603356,L
设计总院,603357,L
华达科技,603358,L
*ST东珠,603359,L
百傲化学,603360,L
傲农生物,603363,L
水星家纺,603365,L
日出东方,603366,L
辰欣药业,603367,L
柳药集团,603368,L
今世缘,603369,L
华新精科,603370,L
安邦护卫,603373,L
盛景微,603375,L
大明电子,603376,L
ST东时,603377,L
*ST亚士,603378,L
三美股份,603379,L
易德龙,603380,L
永臻股份,603381,L
海阳科技,603382,L
顶点软件,603383,L
惠达卫浴,603385,L
骏亚科技,603386,L
基蛋生物,603387,L
*ST亚振,603389,L
通达电气,603390,L
力聚热能,603391,L
万泰生物,603392,L
新天然气,603393,L
红四方,603395,L
金辰股份,603396,L
*ST沐邦,603398,L
永杉锂业,603399,L
华之杰,603400,L
陕西旅游,603402,L
天富龙,603406,L
建霖家居,603408,L
汇通控股,603409,L
信捷电气,603416,L
友升股份,603418,L
鼎信通讯,603421,L
*ST集友,603429,L
三力制药,603439,L
吉比特,603444,L
九洲药业,603456,L
勘设股份,603458,L
风语筑,603466,L
巨星农牧,603477,L
科沃斯,603486,L
展鹏科技,603488,L
八方股份,603489,L
恒为科技,603496,L
翔港科技,603499,L
祥和实业,603500,L
豪威集团,603501,L
金石资源,603505,L
南都物业,603506,L
振江股份,603507,L
思维列控,603508,L
爱慕股份,603511,L
欧普照明,603515,L
淳中科技,603516,L
ST绝味,603517,L
锦泓集团,603518,L
立霸股份,603519,L
司太立,603520,L
众源新材,603527,L
多伦科技,603528,L
爱玛科技,603529,L
神马电力,603530,L
掌阅科技,603533,L
嘉诚国际,603535,L
惠发食品,603536,L
美诺华,603538,L
奥普科技,603551,L
海兴电力,603556,L
*ST起步,603557,L
健盛集团,603558,L
ST通脉,603559,L
中谷物流,603565,L
普莱柯,603566,L
珍宝岛,603567,L
伟明环保,603568,L
长久物流,603569,L
汇金通,603577,L
三星新材,603578,L
荣泰健康,603579,L
*ST艾艾,603580,L
捷昌驱动,603583,L
苏利股份,603585,L
金麒麟,603586,L
地素时尚,603587,L
高能环境,603588,L
口子窖,603589,L
康辰药业,603590,L
ST东尼,603595,L
伯特利,603596,L
引力传媒,603598,L
广信股份,603599,L
永艺股份,603600,L
再升科技,603601,L
纵横通信,603602,L
珀莱雅,603605,L
东方电缆,603606,L
京华激光,603607,L
天创时尚,603608,L
禾丰股份,603609,L
麒盛科技,603610,L
诺力股份,603611,L
索通发展,603612,L
国联股份,603613,L
茶花股份,603615,L
韩建河山,603616,L
君禾股份,603617,L
杭电股份,603618,L
中曼石油,603619,L
科森科技,603626,L
清源股份,603628,L
利通电子,603629,L
拉芳家化,603630,L
徕木股份,603633,L
南威软件,603636,L
镇海股份,603637,L
艾迪精密,603638,L
海利尔,603639,L
畅联股份,603648,L
彤程新材,603650,L
朗博科技,603655,L
泰禾智能,603656,L
春光科技,603657,L
安图生物,603658,L
璞泰来,603659,L
苏州科达,603660,L
恒林股份,603661,L
柯力传感,603662,L
三祥新材,603663,L
康隆达,603665,L
亿嘉和,603666,L
五洲新春,603667,L
天马科技,603668,L
灵康药业,603669,L
卫信康,603676,L
奇精机械,603677,L
火炬电子,603678,L
华体科技,603679,L
今创集团,603680,L
永冠新材,603681,L
锦和商管,603682,L
晶华新材,603683,L
晨丰科技,603685,L
福龙马,603686,L
大胜达,603687,L
石英股份,603688,L
皖天然气,603689,L
至纯科技,603690,L
江苏新能,603693,L
安记食品,603696,L
有友食品,603697,L
航天工程,603698,L
纽威股份,603699,L
宁水集团,603700,L
德宏股份,603701,L
盛洋科技,603703,L
东方环宇,603706,L
健友股份,603707,L
家家悦,603708,L
中源家居,603709,L
香飘飘,603711,L
七一二,603712,L
密尔克卫,603713,L
塞力医疗,603716,L
天域生物,603717,L
*ST海利,603718,L
良品铺子,603719,L
中广天择,603721,L
阿科力,603722,L
天安新材,603725,L
朗迪集团,603726,L
博迈科,603727,L
鸣志电器,603728,L
ST龙韵,603729,L
岱美股份,603730,L
仙鹤股份,603733,L
三棵树,603737,L
泰晶科技,603738,L
蔚蓝生物,603739,L
日辰股份,603755,L
大元泵业,603757,L
秦安股份,603758,L
海天股份,603759,L
隆鑫通用,603766,L
中马传动,603767,L
常青股份,603768,L
沃格光电,603773,L
永安行,603776,L
来伊份,603777,L
国晟科技,603778,L
威龙股份,603779,L
科博达,603786,L
新日股份,603787,L
宁波高发,603788,L
ST星农,603789,L
雅运股份,603790,L
联泰环保,603797,L
康普顿,603798,L
华友钴业,603799,L
洪田股份,603800,L
志邦家居,603801,L
瑞斯康达,603803,L
福斯特,603806,L
歌力思,603808,L
豪能股份,603809,L
丰山集团,603810,L
诚意药业,603811,L
原尚股份,603813,L
交建股份,603815,L
顾家家居,603816,L
海峡环保,603817,L
曲美家居,603818,L
神力股份,603819,L
ST嘉澳,603822,L
百合花,603823,L
ST华扬,603825,L
坤彩科技,603826,L
*ST利达,603828,L
洛凯股份,603829,L
欧派家居,603833,L
海程邦达,603836,L
*ST四通,603838,L
安正时尚,603839,L
*ST正平,603843,L
好太太,603848,L
华荣股份,603855,L
东宏股份,603856,L
步长制药,603858,L
能科科技,603859,L
中公高科,603860,L
白云电器,603861,L
松炀资源,603863,L
桃李面包,603866,L
新化股份,603867,L
飞科电器,603868,L
ST智知,603869,L
嘉友国际,603871,L
鼎胜新材,603876,L
太平鸟,603877,L
武进不锈,603878,L
永悦科技,603879,L
南卫股份,603880,L
数据港,603881,L
金域医学,603882,L
老百姓,603883,L
吉祥航空,603885,L
元祖股份,603886,L
城地香江,603887,L
新华网,603888,L
新澳股份,603889,L
春秋电子,603890,L
瑞芯微,603893,L
天永智能,603895,L
寿仙谷,603896,L
长城科技,603897,L
好莱客,603898,L
晨光股份,603899,L
莱绅通灵,603900,L
永创智能,603901,L
中持股份,603903,L
龙蟠科技,603906,L
牧高笛,603908,L
建发合诚,603909,L
佳力图,603912,L
国茂股份,603915,L
苏博特,603916,L
合力科技,603917,L
金桥信息,603918,L
金徽酒,603919,L
世运电路,603920,L
ST金鸿顺,603922,L
铁流股份,603926,L
中科软,603927,L
兴业股份,603928,L
亚翔集成,603929,L
格林达,603931,L
睿能科技,603933,L
博敏电子,603936,L
丽岛新材,603937,L
三孚股份,603938,L
益丰药房,603939,L
建业股份,603948,L
雪龙集团,603949,L
长源东谷,603950,L
大千生态,603955,L
威派格,603956,L
哈森股份,603958,L
ST百利,603959,L
克来机电,603960,L
法兰泰克,603966,L
中创物流,603967,L
醋化股份,603968,L
银龙股份,603969,L
中农立华,603970,L
正川股份,603976,L
国泰集团,603977,L
深圳新星,603978,L
金诚信,603979,L
吉华集团,603980,L
泉峰汽车,603982,L
丸美生物,603983,L
恒润股份,603985,L
兆易创新,603986,L
康德莱,603987,L
中电电机,603988,L
艾华集团,603989,L
麦迪科技,603990,L
领先股份,603991,L
松霖科技,603992,L
洛阳钼业,603993,L
甬金股份,603995,L
继峰股份,603997,L
方盛制药,603998,L
读者传媒,603999,L
威奥股份,605001,L
众望布艺,605003,L
合兴股份,605005,L
山东玻纤,605006,L
五洲特纸,605007,L
长鸿高科,605008,L
豪悦护理,605009,L
杭州热电,605011,L
百龙创园,605016,L
长华集团,605018,L
永和股份,605020,L
世茂能源,605028,L
美邦股份,605033,L
福然德,605050,L
迎丰股份,605055,L
咸亨国际,605056,L
澳弘电子,605058,L
联德股份,605060,L
天正电气,605066,L
明新旭腾,605068,L
正和生态,605069,L
华康股份,605077,L
浙江自然,605080,L
退市太和,605081,L
龙高股份,605086,L
冠盛股份,605088,L
味知香,605089,L
九丰能源,605090,L
行动教育,605098,L
共创草坪,605099,L
华丰股份,605100,L
同庆楼,605108,L
新洁能,605111,L
奥锐特,605116,L
德业股份,605117,L
力鼎光电,605118,L
四方新材,605122,L
派克新材,605123,L
上海沿浦,605128,L
嵘泰股份,605133,L
丽人丽妆,605136,L
盛泰集团,605138,L
西上海,605151,L
西大门,605155,L
华达新材,605158,L
新中港,605162,L
聚合顺,605166,L
利柏特,605167,L
三人行,605168,L
洪通燃气,605169,L
东亚药业,605177,L
时空科技,605178,L
一鸣食品,605179,L
华生科技,605180,L
确成股份,605183,L
健麾信息,605186,L
国光连锁,605188,L
富春染织,605189,L
华通线缆,605196,L
安德利,605198,L
ST葫芦娃,605199,L
永茂泰,605208,L
伟时电子,605218,L
起帆电缆,605222,L
神通科技,605228,L
天普股份,605255,L
协和电子,605258,L
绿田机械,605259,L
健之佳,605266,L
王力安防,605268,L
新亚电子,605277,L
同力天启,605286,L
德才股份,605287,L
凯迪股份,605288,L
罗曼股份,605289,L
神农集团,605296,L
必得科技,605298,L
舒华体育,605299,L
佳禾食品,605300,L
园林股份,605303,L
中际联合,605305,L
法狮龙,605318,L
无锡振华,605319,L
沪光股份,605333,L
*ST帅电,605336,L
李子园,605337,L
巴比食品,605338,L
南侨食品,605339,L
立昂微,605358,L
立达信,605365,L
宏柏新材,605366,L
蓝天燃气,605368,L
拱东医疗,605369,L
博迁新材,605376,L
华旺科技,605377,L
野马电池,605378,L
均瑶健康,605388,L
长龄液压,605389,L
新炬网络,605398,L
晨光新材,605399,L
福莱新材,605488,L
东鹏饮料,605499,L
森林包装,605500,L
国邦医药,605507,L
德昌股份,605555,L
福莱蒽特,605566,L
春雪食品,605567,L
龙版传媒,605577,L
恒盛能源,605580,L
冠石科技,605588,L
圣泉集团,605589,L
上海港湾,605598,L
菜百股份,605599,L
华兴源创,688001,L
睿创微纳,688002,L
天准科技,688003,L
博汇科技,688004,L
容百科技,688005,L
杭可科技,688006,L
光峰科技,688007,L
澜起科技,688008,L
中国通号,688009,L
福光股份,688010,L
新光光电,688011,L
中微公司,688012,L
天臣医疗,688013,L
交控科技,688015,L
心脉医疗,688016,L
绿的谐波,688017,L
乐鑫科技,688018,L
安集科技,688019,L
方邦股份,688020,L
奥福科技,688021,L
ST瀚川,688022,L
安恒信息,688023,L
杰普特,688025,L
洁特生物,688026,L
国盾量子,688027,L
沃尔德,688028,L
南微医学,688029,L
山石网科,688030,L
星环科技,688031,L
禾迈股份,688032,L
*ST天宜,688033,L
德邦科技,688035,L
传音控股,688036,L
芯源微,688037,L
中科通达,688038,L
当虹科技,688039,L
海光信息,688041,L
必易微,688045,L
药康生物,688046,L
龙芯中科,688047,L
长光华芯,688048,L
炬芯科技,688049,L
爱博医疗,688050,L
佳华科技,688051,L
纳芯微,688052,L
ST思科瑞,688053,L
龙腾光电,688055,L
莱伯泰科,688056,L
金达莱,688057,L
宝兰德,688058,L
华锐精密,688059,L
云涌科技,688060,L
灿瑞科技,688061,L
迈威生物,688062,L
派能科技,688063,L
凯赛生物,688065,L
*ST航图,688066,L
爱威科技,688067,L
热景生物,688068,L
德林海,688069,L
纵横股份,688070,L
华依科技,688071,L
拓荆科技,688072,L
毕得医药,688073,L
安旭生物,688075,L
ST诺泰,688076,L
大地熊,688077,L
龙软科技,688078,L
美迪凯,688079,L
映翰通,688080,L
兴图新科,688081,L
盛美上海,688082,L
中望软件,688083,L
晶品特装,688084,L
三友医疗,688085,L
英科再生,688087,L
虹软科技,688088,L
嘉必优,688089,L
瑞松科技,688090,L
上海谊众,688091,L
爱科科技,688092,L
世华科技,688093,L
福昕软件,688095,L
京源环保,688096,L
博众精工,688097,L
申联生物,688098,L
晶晨股份,688099,L
威胜信息,688100,L
三达膜,688101,L
斯瑞新材,688102,L
国力电子,688103,L
诺唯赞,688105,L
金宏气体,688106,L
安路科技,688107,L
赛诺医疗,688108,L
品茗科技,688109,L
东芯股份,688110,L
金山办公,688111,L
鼎阳科技,688112,L
联测科技,688113,L
华大智造,688114,L
思林杰,688115,L
天奈科技,688116,L
圣诺生物,688117,L
普元信息,688118,L
中钢洛耐,688119,L
华海清科,688120,L
卓然股份,688121,L
西部超导,688122,L
聚辰股份,688123,L
安达智能,688125,L
沪硅产业,688126,L
蓝特光学,688127,L
中国电研,688128,L
东来技术,688129,L
晶华微,688130,L
皓元医药,688131,L
邦彦技术,688132,L
泰坦科技,688133,L
利扬芯片,688135,L
科兴制药,688136,L
近岸蛋白,688137,L
清溢光电,688138,L
海尔生物,688139,L
杰华特,688141,L
长盈通,688143,L
中船特气,688146,L
微导纳米,688147,L
芳源股份,688148,L
莱特光电,688150,L
华强科技,688151,L
麒麟信安,688152,L
唯捷创芯,688153,L
先惠技术,688155,L
路德科技,688156,L
松井股份,688157,L
优刻得,688158,L
有方科技,688159,L
步科股份,688160,L
威高骨科,688161,L
巨一科技,688162,L
赛伦生物,688163,L
埃夫特,688165,L
博瑞医药,688166,L
炬光科技,688167,L
安博通,688168,L
石头科技,688169,L
德龙激光,688170,L
纬德信息,688171,L
燕东微,688172,L
希荻微,688173,L
高凌信息,688175,L
亚虹医药,688176,L
百奥泰,688177,L
万德斯,688178,L
阿拉丁,688179,L
君实生物,688180,L
八亿时空,688181,L
灿勤科技,688182,L
生益电子,688183,L
ST帕瓦,688184,L
康希诺,688185,L
广大特材,688186,L
时代电气,688187,L
柏楚电子,688188,L
ST南新,688189,L
云路股份,688190,L
智洋创新,688191,L
迪哲医药,688192,L
仁度生物,688193,L
腾景科技,688195,L
卓越新能,688196,L
首药控股,688197,L
佰仁医疗,688198,L
久日新材,688199,L
华峰测控,688200,L
ST信安,688201,L
美迪西,688202,L
海正生材,688203,L
德科立,688205,L
概伦电子,688206,L
格灵深瞳,688207,L
道通科技,688208,L
英集芯,688209,L
统联精密,688210,L
中科微至,688211,L
澳华内镜,688212,L
思特威,688213,L
瑞晟智能,688215,L
气派科技,688216,L
睿昂基因,688217,L
江苏北人,688218,L
会通股份,688219,L
翱捷科技,688220,L
前沿生物,688221,L
成都先导,688222,L
晶科能源,688223,L
亚信安全,688225,L
威腾电气,688226,L
品高股份,688227,L
开普云,688228,L
博睿数据,688229,L
芯导科技,688230,L
隆达股份,688231,L
新点软件,688232,L
神工股份,688233,L
天岳先进,688234,L
百济神州,688235,L
春立医疗,688236,L
超卓航科,688237,L
和元生物,688238,L
航宇科技,688239,L
永信至诚,688244,L
嘉和美康,688246,L
宣泰医药,688247,L
南网科技,688248,L
晶合集成,688249,L
井松智能,688251,L
天德钰,688252,L
英诺特,688253,L
凯尔达,688255,L
寒武纪,688256,L
新锐股份,688257,L
卓易信息,688258,L
创耀科技,688259,L
昀冢科技,688260,L
东微半导,688261,L
国芯科技,688262,L
南模生物,688265,L
泽璟制药,688266,L
中触媒,688267,L
华特气体,688268,L
凯立新材,688269,L
ST臻镭,688270,L
联影医疗,688271,L
富吉瑞,688272,L
麦澜德,688273,L
万润新能,688275,L
百克生物,688276,L
天智航,688277,L
特宝生物,688278,L
峰岹科技,688279,L
精进电动,688280,L
华秦科技,688281,L
理工导航,688282,L
坤恒顺维,688283,L
高铁电气,688285,L
敏芯股份,688286,L
退市观典,688287,L
鸿泉技术,688288,L
圣湘生物,688289,L
景业智能,688290,L
金橙子,688291,L
浩瀚深度,688292,L
奥浦迈,688293,L
中复神鹰,688295,L
和达科技,688296,L
中无人机,688297,L
东方生物,688298,L
长阳科技,688299,L
联瑞新材,688300,L
奕瑞科技,688301,L
海创药业,688302,L
大全能源,688303,L
科德数控,688305,L
均普智能,688306,L
中润光学,688307,L
欧科亿,688308,L
恒誉环保,688309,L
迈得医疗,688310,L
盟升电子,688311,L
燕麦科技,688312,L
仕佳光子,688313,L
康拓医疗,688314,L
诺禾致源,688315,L
青云科技,688316,L
之江生物,688317,L
财富趋势,688318,L
欧林生物,688319,L
禾川科技,688320,L
微芯生物,688321,L
奥比中光,688322,L
瑞华泰,688323,L
赛微微电,688325,L
经纬恒润,688326,L
云从科技,688327,L
深科达,688328,L
艾隆科技,688329,L
宏力达,688330,L
荣昌生物,688331,L
中科蓝讯,688332,L
铂力特,688333,L
西高院,688334,L
复洁科技,688335,L
三生国健,688336,L
普源精电,688337,L
赛科希德,688338,L
亿华通,688339,L
云天励飞,688343,L
博力威,688345,L
华虹宏力,688347,L
昱能科技,688348,L
三一重能,688349,L
富淼科技,688350,L
微电生理,688351,L
颀中科技,688352,L
华盛锂电,688353,L
明志科技,688355,L
键凯科技,688356,L
建龙微纳,688357,L
祥生医疗,688358,L
三孚新科,688359,L
德马科技,688360,L
中科飞测,688361,L
甬矽电子,688362,L
华熙生物,688363,L
光云科技,688365,L
昊海生科,688366,L
工大高科,688367,L
晶丰明源,688368,L
致远互联,688369,L
丛麟科技,688370,L
菲沃泰,688371,L
伟测科技,688372,L
盟科药业,688373,L
国博电子,688375,L
美埃科技,688376,L
迪威尔,688377,L
奥来德,688378,L
华光新材,688379,L
中微半导,688380,L
帝奥微,688381,L
益方生物,688382,L
新益昌,688383,L
复旦微电,688385,L
泛亚微透,688386,L
信科移动,688387,L
嘉元科技,688388,L
普门科技,688389,L
固德威,688390,L
钜泉科技,688391,L
骄成超声,688392,L
安必平,688393,L
正弦电气,688395,L
华润微,688396,L
赛特新材,688398,L
硕世生物,688399,L
凌云光,688400,L
路维光电,688401,L
汇成股份,688403,L
中信博,688408,L
富创精密,688409,L
山外山,688410,L
海博思创,688411,L
恒烁股份,688416,L
震有科技,688418,L
耐科装备,688419,L
美腾科技,688420,L
铁建重工,688425,L
康为世纪,688426,L
诺诚健华,688428,L
时创能源,688429,L
有研硅,688432,L
华曙高科,688433,L
英方软件,688435,L
振华风光,688439,L
智翔金泰,688443,L
磁谷科技,688448,L
联芸科技,688449,L
光格科技,688450,L
科捷智能,688455,L
有研粉材,688456,L
美芯晟,688458,L
哈铁科技,688459,L
金科环境,688466,L
科美诊断,688468,L
芯联集成,688469,L
阿特斯,688472,L
萤石网络,688475,L
晶升股份,688478,L
友车科技,688479,L
赛恩斯,688480,L
南芯科技,688484,L
九州一轨,688485,L
龙迅股份,688486,L
艾迪药业,688488,L
三未信安,688489,L
*ST清越,688496,L
源杰科技,688498,L
利元亨,688499,L
慧辰股份,688500,L
青达环保,688501,L
茂莱光学,688502,L
聚和材料,688503,L
复旦张江,688505,L
百利天恒,688506,L
索辰科技,688507,L
芯朋微,688508,L
正元地信,688509,L
航亚科技,688510,L
天微电子,688511,L
慧智微,688512,L
苑东生物,688513,L
裕太微,688515,L
奥特维,688516,L
金冠电气,688517,L
联赢激光,688518,L
南亚新材,688519,L
神州细胞,688520,L
芯原股份,688521,L
纳睿雷达,688522,L
航天环宇,688523,L
佰维存储,688525,L
科前生物,688526,L
秦川物联,688528,L
豪森智能,688529,L
欧莱新材,688530,L
日联科技,688531,L
上声电子,688533,L
华海诚科,688535,L
思瑞浦,688536,L
和辉光电,688538,L
高华科技,688539,L
国科军工,688543,L
兴福电子,688545,L
广钢气体,688548,L
中巨芯,688549,L
瑞联新材,688550,L
科威尔,688551,L
航天南湖,688552,L
汇宇制药,688553,L
高测股份,688556,L
兰剑智能,688557,L
国盛智科,688558,L
海目星,688559,L
明冠新材,688560,L
奇安信,688561,L
航天软件,688562,L
航材股份,688563,L
力源科技,688565,L
吉贝尔,688566,L
孚能科技,688567,L
中科星图,688568,L
铁科轨道,688569,L
天玛智控,688570,L
杭华股份,688571,L
信宇人,688573,L
亚辉龙,688575,L
西山科技,688576,L
浙海德曼,688577,L
艾力斯,688578,L
地纬智能,688579,L
伟思医疗,688580,L
安杰思,688581,L
芯动联科,688582,L
思看科技,688583,L
上海合晶,688584,L
上纬新材,688585,L
江航装备,688586,L
凌志软件,688588,L
力合微,688589,L
新致软件,688590,L
泰凌微,688591,L
司南导航,688592,L
新相微,688593,L
芯海科技,688595,L
正帆科技,688596,L
煜邦电力,688597,L
金博股份,688598,L
天合光能,688599,L
皖仪科技,688600,L
力芯微,688601,L
康鹏科技,688602,L
天承科技,688603,L
先锋精科,688605,L
奥泰生物,688606,L
康众医疗,688607,L
恒玄科技,688608,L
九联科技,688609,L
埃科光电,688610,L
杭州柯林,688611,L
威迈斯,688612,L
奥精医疗,688613,L
合合信息,688615,L
西力科技,688616,L
惠泰医疗,688617,L
三旺通信,688618,L
罗普特,688619,L
安凯微,688620,L
阳光诺和,688621,L
*ST禾信,688622,L
双元科技,688623,L
呈和科技,688625,L
翔宇医疗,688626,L
精智达,688627,L
优利德,688628,L
华丰科技,688629,L
芯碁微装,688630,L
莱斯信息,688631,L
星球石墨,688633,L
智明达,688636,L
誉辰智能,688638,L
华恒生物,688639,L
ST逸飞,688646,L
中邮科技,688648,L
盛邦安全,688651,L
京仪装备,688652,L
康希通信,688653,L
迅捷兴,688655,L
浩欧博,688656,L
浩辰软件,688657,L
悦康药业,688658,L
元琛科技,688659,L
电气风电,688660,L
和林微纳,688661,L
富信科技,688662,L
新风光,688663,L
四方光电,688665,L
菱电电控,688667,L
鼎通科技,688668,L
聚石化学,688669,L
金迪克,688670,L
碧兴物联,688671,L
金盘科技,688676,L
海泰新光,688677,L
福立旺,688678,L
通源环境,688679,L
海优新材,688680,L
科汇股份,688681,L
霍莱沃,688682,L
莱尔科技,688683,L
迈信林,688685,L
奥普特,688686,L
凯因科技,688687,L
银河微电,688689,L
纳微科技,688690,L
灿芯股份,688691,L
达梦数据,688692,L
锴威特,688693,L
中创股份,688695,L
极米科技,688696,L
纽威数控,688697,L
伟创电气,688698,L
明微电子,688699,L
东威科技,688700,L
卓锦股份,688701,L
盛科通信,688702,L
振华新材,688707,L
佳驰科技,688708,L
成都华微,688709,L
益诺思,688710,L
宏微科技,688711,L
中研股份,688716,L
艾罗能源,688717,L
唯赛勃,688718,L
爱科赛博,688719,L
艾森股份,688720,L
龙图光罩,688721,L
同益中,688722,L
拉普拉斯,688726,L
恒坤新材,688727,L
格科微,688728,L
屹唐股份,688729,L
壹石通,688733,L
中自科技,688737,L
成大生物,688739,L
金天钛业,688750,L
汉邦科技,688755,L
胜科纳米,688757,L
赛分科技,688758,L
必贝特,688759,L
禾元生物,688765,L
普冉股份,688766,L
博拓生物,688767,L
容知日新,688768,L
珠海冠宇,688772,L
影石创新,688775,L
国光电气,688776,L
中控技术,688777,L
厦钨新能,688778,L
五矿新能,688779,L
西安奕材,688783,L
悦安新材,688786,L
海天瑞声,688787,L
科思科技,688788,L
宏华数科,688789,L
昂瑞微,688790,L
倍轻松,688793,L
摩尔线程,688795,L
百奥赛图,688796,L
艾为电子,688798,L
华纳药厂,688799,L
瑞可达,688800,L
沐曦股份,688802,L
健信超导,688805,L
优迅股份,688807,L
强一股份,688809,L
天能股份,688819,L
中芯国际,688981,L
安徽凤凰,920000,L
纬达光电,920001,L
万达轴承,920002,L
中诚咨询,920003,L
鼎佳精密,920005,L
晟楠科技,920006,L
酉立智能,920007,L
成电光信,920008,L
丹娜生物,920009,L
凯添燃气,920010,L
特瑞斯,920014,L
锦华新材,920015,L
中草香料,920016,L
星昊医药,920017,L
宏远股份,920018,L
铜冠矿建,920019,L
泰凯英,920020,L
流金科技,920021,L
世昌股份,920022,L
*ST田野,920023,L
卓兆点胶,920026,L
交大铁发,920027,L
开发科技,920029,L
德众汽车,920030,L
康普化学,920033,L
精创电气,920035,L
广信科技,920037,L
国义招标,920039,L
蘅东光,920045,L
亿能电力,920046,L
诺思兰德,920047,L
爱舍伦,920050,L
能之光,920056,L
百甲科技,920057,L
华洋赛车,920058,L
万源通,920060,L
西磁科技,920061,L
科润智控,920062,L
科拜尔,920066,L
天工股份,920068,L
柏星龙,920075,L
国亮新材,920076,L
吉林碳谷,920077,L
奥美森,920080,L
方正阀门,920082,L
科马材料,920086,L
秋乐种业,920087,L
科力股份,920088,L
禾昌聚合,920089,L
*ST同辉,920090,L
大鹏工业,920091,L
汉鑫科技,920092,L
科隆新材,920098,L
瑞华技术,920099,L
三协电机,920100,L
志高机械,920101,L
林泰新材,920106,L
宏海科技,920108,L
雷特科技,920110,L
聚星科技,920111,L
巴兰仕,920112,L
星图测控,920116,L
太湖远大,920118,L
江天科技,920121,L
中纺标,920122,L
芭薇股份,920123,L
南特科技,920124,L
胜业电气,920128,L
立方控股,920130,L
泰鹏智能,920132,L
华岭股份,920139,L
恒合股份,920145,L
华阳变速,920146,L
旭杰科技,920149,L
昆工科技,920152,L
长江能科,920158,L
北矿检测,920160,L
方大新材,920163,L
同享科技,920167,L
七丰精工,920169,L
志晟信息,920171,L
五新智能,920174,L
东方碳素,920175,L
凯德石英,920179,L
国源科技,920184,L
贝特瑞,920185,L
雷神科技,920190,L
三祥科技,920195,L
微创光电,920198,L
倍益康,920199,L
沪江材料,920204,L
众诚科技,920207,L
青矩技术,920208,L
智新电子,920212,L
易实精密,920221,L
荣亿精密,920223,L
利通科技,920225,L
美登科技,920227,L
欧康医药,920230,L
力佳科技,920237,L
长虹能源,920239,L
建邦科技,920242,L
威博液压,920245,L
华密新材,920247,L
利尔达,920249,L
天宏锂电,920252,L
中寰股份,920260,L
一诺威,920261,L
太湖雪,920262,L
中航泰达,920263,L
生物谷,920266,L
鑫汇科,920267,L
天铭科技,920270,L
邦德股份,920271,L
一致魔芋,920273,L
宏裕包材,920274,L
驱动力,920275,L
鹿得医疗,920278,L
灵鸽科技,920284,L
灿能电力,920299,L
辰光医疗,920300,L
迪尔化工,920304,L
*ST云创,920305,L
恒太照明,920339,L
三元基因,920344,L
威贸电子,920346,L
华光源海,920351,L
雅葆轩,920357,L
莱赛激光,920363,L
新赣江,920367,L
连城数控,920368,L
新安洁,920370,L
欧福蛋业,920371,L
云里物里,920374,L
派诺科技,920375,L
泰德股份,920378,L
佳合科技,920392,L
民士达,920394,L
朗鸿科技,920395,L
常辅股份,920396,L
硅烷科技,920402,L
康农种业,920403,L
海希通讯,920405,L
驰诚股份,920407,L
欧普泰,920414,L
恒拓开源,920415,L
苏轴股份,920418,L
路斯股份,920419,L
润普食品,920422,L
乐创技术,920425,L
华维设计,920427,L
康比特,920429,L
大唐药业,920433,L
大地电气,920436,L
戈碧迦,920438,L
龙竹科技,920445,L
同心传动,920454,L
汇隆活塞,920455,L
富恒新材,920469,L
美邦科技,920471,L
三友科技,920475,L
海能技术,920476,L
峆一药业,920478,L
佳先股份,920489,L
奥迪威,920491,L
并行科技,920493,L
许昌智能,920496,L
博迅生物,920504,L
九菱科技,920505,L
殷图网联,920508,L
同惠电子,920509,L
丰光精密,920510,L
万德股份,920519,L
纳科诺尔,920522,L
德瑞锂电,920523,L
凯华材料,920526,L
夜光明,920527,L
骏创科技,920533,L
铁大科技,920541,L
无锡晶海,920547,L
凯腾精工,920553,L
雅达股份,920556,L
天润科技,920564,L
梓橦宫,920566,L
坤博精工,920570,L
国航远洋,920571,L
*ST康乐,920575,L
天力复合,920576,L
巨能股份,920578,L
机科股份,920579,L
科创新材,920580,L
华信永道,920592,L
鼎智科技,920593,L
同力股份,920599,L
丰安股份,920608,L
力王股份,920627,L
新威凌,920634,L
晨光电缆,920639,L
富士达,920640,L
格利尔,920641,L
通易航天,920642,L
天罡股份,920651,L
海昇药业,920656,L
方盛股份,920662,L
明阳科技,920663,L
科强股份,920665,L
数字人,920670,L
秉扬科技,920675,L
前进科技,920679,L
球冠电缆,920682,L
新芝生物,920685,L
克莱特,920689,L
捷众科技,920690,L
阿为特,920693,L
中裕科技,920694,L
海达尔,920699,L
豪声电子,920701,L
广厦环能,920703,L
铁拓机械,920706,L
瑞星股份,920717,L
合肥高科,920718,L
宁新新材,920719,L
吉冈精密,920720,L
惠丰钻石,920725,L
朱老六,920726,L
永顺生物,920729,L
德源药业,920735,L
路桥信息,920748,L
惠同新材,920751,L
天纺标,920753,L
美之高,920765,L
拾比佰,920768,L
艾能聚,920770,L
武汉蓝电,920779,L
瑞奇智造,920781,L
骑士乳业,920786,L
联迪信息,920790,L
东和新材,920792,L
艾融软件,920799,L
保丽洁,920802,L
云星宇,920806,L
奔朗新材,920807,L
曙光数创,920808,L
安达科技,920809,L
春光智能,920810,L
颖泰生物,920819,L
则成电子,920821,L
盖世食品,920826,L
齐鲁华信,920832,L
美心翼申,920833,L
三维装备,920834,L
华原股份,920837,L
万通液压,920839,L
浙江大农,920855,L
浩淼科技,920856,L
泓禧科技,920857,L
绿亨科技,920866,L
恒进感应,920870,L
派特尔,920871,L
中设咨询,920873,L
慧为智能,920876,L
基康技术,920879,L
星辰科技,920885,L
广咨国际,920892,L
花溪科技,920895,L
旺成科技,920896,L
舜宇精工,920906,L
远航精密,920914,L
广脉科技,920924,L
锦好医疗,920925,L
鸿智科技,920926,L
无锡鼎邦,920931,L
科达自控,920932,L
恒立钻具,920942,L
优机股份,920943,L
森萱医药,920946,L
迅安科技,920950,L
国子软件,920953,L
汉维科技,920957,L
创远信科,920961,L
润农节水,920964,L
大禹生物,920970,L
天马新材,920971,L
凯大催化,920974,L
视声智能,920976,L
开特股份,920978,L
晶赛科技,920981,L
锦波生物,920982,L
海泰新能,920985,L
中科美菱,920992,L
九号公司,689009,L
世盟股份,1220,L
惠康科技,1237,L
盛龙股份,1257,L
福恩股份,1312,L
天海电子,1365,L
维通利,1393,L
尚水智能,301513,L
春光集团,301531,L
理奇智能,301599,L
大普微,301666,L
高特电子,301669,L
固德电材,301680,L
宏明电子,301682,L
慧谷新材,301683,L
三瑞智能,301696,L
振石股份,601112,L
林平发展,603284,L
埃泰克,603293,L
长裕集团,603407,L
嘉德利,603435,L
红板科技,603459,L
长进光子,688635,L
北芯生命,688712,L
视涯科技,688781,L
恒运昌,688785,L
联讯仪器,688808,L
有研复材,688811,L
泰金新能,688813,L
易思维,688816,L
电科蓝天,688818,L
盛合晶微,688820,L
晨光电机,920011,L
创达新材,920012,L
新恒泰,920028,L
觅睿科技,920036,L
隆源股份,920055,L
普昂医疗,920069,L
族兴新材,920078,L
金戈新材,920083,L
嘉晨智能,920096,L
美德乐,920119,L
鸿仕达,920125,L
永大股份,920126,L
海昌智能,920156,L
农大科技,920159,L
龙辰科技,920161,L
海圣医疗,920166,L
通宝光电,920168,L
恒道科技,920177,L
锐翔智能,920178,L
爱得科技,920180,L
赛英电子,920181,L
海菲曼,920183,L
中科仪,920186,L
通领科技,920187,L
悦龙科技,920188,L
瑞尔竞达,920191,L
振宏股份,920200,L
彩客科技,920206,L
新睿电子,920211,L
新天力,920218,L
朗信电气,920220,L
紫光国芯,2049,L
奥特迅,2227,L
长高集团,2452,L
南都电源,300068,L
闻泰科技,600745,L
韦尔股份,603501,L
中芯集成,688469,L
