source,id,sector,event,origin_date,target_text,target_start,target_end,precision,window_bucket,probability,importance,trade_status,expectation_gap,validation,benefit,risk_or_loss,signal_count,correction_count,timeline_score,parse_note
tech,FWD-20260615-008,机器人,世界机器人大会,2026-06-15,2026-08-19至08-23,2026-08-19,2026-08-23,day,2026-08-19~2026-08-23,高,★★★★★,初步交易,机器人高价值零部件二次验证,展品、供应链、客户订单、量产节奏,整机、执行器、伺服、减速器、丝杠、灵巧手、传感器,弱相关机器人概念,0,0,45,
tech,FWD-20260717-001,AI算力,美股AI供应链2026Q2财报密集披露日历,2026-07-17,2026-07-22至2026-09-14,2026-07-22,2026-09-14,day,2026-07-22~2026-09-14,高(日期已排定),★★★★★,部分交易,台积电/ASML已验证capex上修趋势，市场关注7/29 Meta、7/30苹果、8/26英伟达等能否延续同样的上修节奏,各公司capex指引变化、订单能见度、AI产品出货数据,全产业链，capex指引/订单验证是核心看点,若头部公司capex指引不及预期，压制整个AI硬件链估值,0,0,43,
nonfin,,,未登记事件：恒瑞HER3 ADC/科伦trop2 ADC联合K药/百利天恒EGFR/HER3 ADC III,2026-07-30,2026-09-25(ESMO LBA标题公布)/2026-10-19(全文解锁)/2026-10-23至10-27(大会召开),2026-09-25,2026-09-25,day,2026-09-25,高,高,,中邮医药/申万医药0721-22。A股主要受益：恒瑞医药/百利天恒/科伦药业。,恒瑞HER3 ADC/科伦trop2 ADC联合K药/百利天恒EGFR/HER3 ADC III期数据读出是否超预期,,,0,0,40,
tech,FWD-20260615-006,电力与算电,迎峰度夏,2026-06-15,2026-06至08,2026-06-01,2026-08-31,month,2026-06-01~2026-08-31,高,★★★★,初步交易,极端高温和局部供需偏紧带来防守波段,高温、负荷、来水、煤价、电价,火电、水电、电网调度、储能、虚拟电厂,电价下行/煤价上行压力方向,0,0,39,
tech,FWD-20260624-002,AI算力与数据中心,液冷Q3业绩拐点：英维克G+NV CDU共10亿元订单7月明确出货，波纹管/CDU代工链业绩集中释放,2026-06-24,2026Q3,2026-07-01,2026-09-30,quarter,2026Q3,高,★★★★★,部分交易/Q2前业绩未释放,Q2部分厂商可能提前释放业绩，大元泵份额60%超预期,英维克Q3出货、金富中报液冷利润、大元CDU泵份额确认、国内CSP液冷订单,CDU代工(远东/英维克/江南新材/五洋/捷邦)、波纹管(金富)、电子泵(飞龙/大元)、Tier1(思泉),无明确受损方,0,0,39,
tech,FWD-20260617-023,光通信与高速连接,AIDC光纤光缆/MPO布线长协和价格验证,2026-06-17,2026Q3,2026-07-01,2026-09-30,quarter,2026Q3,高,★★★★★,快速交易/部分高拥挤,订单长协和价格是否进入利润表,Amazon/Meta/NVIDIA等长协、国内AIDC订单、光纤价格、交期、出口、毛利率,高端光纤、MPO跳线、保偏光纤、插芯、FAU、布线系统,普通低端光纤、缺乏CSP订单的环节,0,0,39,
tech,FWD-20260701-001,商业航天,长十B火箭首次发射+海上回收（全球首创），7月10日航警信息已披露,2026-07-01,2026-07-10前后,2026-07-01,2026-10-31,month,2026-07-01~2026-10-31,高,★★★★,已兑现,有，若发射+回收双成功，标志中国商业航天进入重复使用新阶段,发射成功率、回收成功率、后续商业合同；0709更新：发射时间确认为7/10上午11:00（航警信息）；同赛道参照：长12乙已于6/1成功首飞，朱雀3预计月底二飞(一子级回收试验)。0710确认：长十乙于12:13海上网系回收成功，全球首次，见SPACE-2026-002,商业航天整体（斯瑞新材/广联航空/中国卫星/铖昌科技）,,0,0,39,
tech,FWD-20260708-003,AI算力,BofA大幅上调全球CSP资本开支预测（Google/Meta/AWS）,2026-07-08,2026-2028,2026-01-01,2028-12-31,year,2026-01-01~2028-12-31,高,★★★★★,初步交易,Google 2027年2900亿（原2570亿），Meta 2027年1850亿（原1570亿），AWS 2027年2300亿（原1960亿）；DRAM现货涨价约40%，Meta新模型Watermelon算力需求10x上一代,7月底-8月北美大厂Q2财报资本开支实际指引；Meta Watermelon算力需求落地情况,全球AI硬件（GPU/HBM）；服务器整机；液冷；光模块；国内AI出海链,若CSP后续财报资本开支低于上调预期，可能引发修正,0,0,37,
tech,FWD-20260618-SW-002,AI应用基础设施,CSP二季报验证AI Capex扩张与ROI压力——Google及Amazon继续上修/维持高投入，AWS增长37%且Amazon将2026年资本开支预期由约2000亿美元提高至2200亿美元,2026-06-18,2026-07至2026-08,2026-07-01,2026-12-31,year,2026-07-01~2026-12-31,已兑现/后续持续验证,★★★★★,已交易,CSP算力需求与容量不足继续被确认，但高Capex伴随自由现金流压力；需求强不等于估值无约束。,Amazon/Google/Microsoft/Meta云收入、Capex执行、自由现金流、折旧、积压订单及AI业务收入,AIDC、GPU云服务、服务器/液冷/光模块需求,AI Capex降速相关链条,0,0,37,
tech,FWD-20260714-003,AI算力,华为昇腾2026下半年催化日历(WAIC真机首秀→950DT商用→HC大会路线图→规模化商用),2026-07-14,2026-07至2026-10,2026-07-01,2026-12-31,year,2026-07-01~2026-12-31,高,★★★★★,初步交易,市场此前对7月17日真机发布时点有过修正反复(0703一度修正为Q4后又恢复7/17判断)，本轮材料明确四阶段时间表：7月WAIC 950 8192卡超节点真机首秀+新版CANN/灵衢2.0协议开放；8月950DT高端训练芯片提前上线华为云(原计划Q4)；9月华为HC大会官宣960/970路线图+灵衢3.0+HBM+CANN8.0；10月8192卡超节点规模化商用、Q4集中确认营收，全年出货上限140万片,7/17-20 WAIC真机发布、950DT上线时点、运营商集采(移动20亿超节点集采落地)、海外(韩/马/中东)订单落地,整机厂商(拓维信息/紫光股份/宝德股份)、超节点配套(液冷/高速连接器/光模块/AI电源)、芯片端(封测/HBM产业链),若真机发布/商用节奏不及预期，概念阶段炒作面临兑现风险,0,0,37,
tech,FWD-20260714-004,商业航天,商业航天7月密集催化日历(Starship V3试飞/太空算力实验星首发/朱雀三号回收),2026-07-14,2026-07-17至2026-08初,2026-07-17,2026-08-31,month,2026-07-17~2026-08-31,高(均为已排期事件),★★★★,部分交易,长十乙一子级海上网系回收成功后，市场对后续复用节奏和成本下探空间(测算综合发射成本有望下降60-70%至0.8-1万元/kg，追平猎鹰9复用成本)仍有预期差，需连续催化验证,7/17 SpaceX星舰V3载荷第13次试飞、7/24北京太空算力轨道辰光实验星首次发射验证、7月下旬-8月初朱雀三号第二次可回收发射,火箭发射服务、卫星制造、太空算力、地面终端,若试飞/发射失败，板块情绪面临阶段性冲击,0,0,37,
tech,FWD-20260730-001,光通信与高速连接,中际旭创2027-2028订单与NPO/CPO放量验证,2026-07-30,2026H2-2028,2026-07-01,2026-12-31,half-year,2026H2,中高,★★★★★,部分交易,2028需求指引已出现，但正式订单与产品节奏尚未完全定价,客户合同、ASP、毛利率、NPO 2027H2出货、核心物料供给,1.6T/2.4T/3.2T光模块、NPO/CPO、光芯片与FAU,无法通过认证或稳定规模交付的二线供应商,0,0,37,
tech,FWD-20260618-SW-014,消费电子与端侧AI,AI PC/NPU出货渗透率与库存周期验证,2026-06-18,2026Q3,2026-07-01,2026-09-30,quarter,2026Q3,中高,★★★★,局部交易,AI PC渗透率若超预期，将拉动半导体和存储,AI PC占比、NPU出货、渠道库存、ASP,AI PC链、NPU、存储、散热、电源管理,低端无AI功能终端,0,0,37,
tech,FWD-20260618-SW-011,AI应用,企业Agent治理、安全、FinOps成为采购前置条件,2026-06-18,2026Q3,2026-07-01,2026-09-30,quarter,2026Q3,中高,★★★★,局部交易,安全与成本管理是规模化瓶颈,越权事件、审计、成本监控、合规要求,Agent治理、安全、权限、RAG、企业知识库,无治理能力的单点Agent,0,0,37,
tech,FWD-20260618-SW-010,AI应用,Google I/O、Microsoft Work Trend后Agent产品节奏继续发酵,2026-06-18,2026-06至2026-07,2026-06-01,2026-12-31,year,2026-06-01~2026-12-31,高,★★★★★,已交易,Agent从演示到生产部署之间存在成熟度差,PoC转生产、权限治理、成功率、成本,Agent平台、工具调用、工作流编排、RAG/知识图谱,仅包装对话机器人公司,0,0,37,
tech,FWD-20260618-SW-008,AI应用,大模型应用平台从Copilot向Agent/Workflow产品线升级,2026-06-18,2026Q3,2026-07-01,2026-09-30,quarter,2026Q3,高,★★★★,已交易,工作流闭环能力比模型调用更重要,Agent功能发布、插件数量、企业部署率、任务完成率,企业软件、低代码、自动化、客服/营销/办公Agent,纯聊天机器人产品,0,0,37,
tech,FWD-20260618-SW-005,AI应用基础设施,运营商/云厂Token套餐和企业Agent调用量验证,2026-06-18,2026Q3,2026-07-01,2026-09-30,quarter,2026Q3,中高,★★★★,局部交易,Token消耗若高增，将成为算力服务价格锚,Token套餐价格、API调用量、Agent活跃度、单位推理成本,Token运营平台、企业AI应用、算力调度,按小时卖算力且无客户粘性的平台,0,0,37,
tech,FWD-20260621-001,AI应用,国产大模型科创板IPO首批申报窗口,2026-06-21,2026H2,2026-07-01,2026-12-31,half-year,2026H2,高,★★★★★,快速交易/部分高拥挤,首批申报企业质量和审核节奏决定行情持续性,智谱/月之暗面/MiniMax等是否申报、审核反馈、估值锚定,大模型企业IPO、AI应用估值重估、一级市场退出、A股大模型映射,无实质模型能力的纯概念公司,0,0,37,
tech,FWD-20260617-022,电力与算电,SST/800VDC数据中心供电后续订单与复制验证,2026-06-17,2026H2,2026-07-01,2026-12-31,half-year,2026H2,中高,★★★★★,部分交易/快速升温,从0-1订单到批量复制仍有预期差,后续订单、客户复购、可靠性、成本、认证、收入占比,SST整机、SiC器件、高频磁件、电容、直流保护、变压器/配电,传统UPS链条、无法适配800VDC的设备,0,0,37,
nonfin,,,未登记事件：宁德回购执行(200-400亿/上限573元)、Q3出货量,2026-07-30,2026Q4,2026-10-01,2026-12-31,quarter,2026Q4,高,高,,宁德0725财报。,宁德回购执行(200-400亿/上限573元)、Q3出货量,,,0,0,36,
tech,FWD-20260701-003,半导体,韩国三星+SK两大芯片巨头宣布合计1000万亿韩元+10年半导体投资，带动全球洁净室/设备扩产超级周期,2026-07-01,2026-07至2030年,2026-07-01,2030-12-31,year,2026-07-01~2030-12-31,高,★★★★★,部分初步交易,有，韩国扩产对国内设备零部件出口及国产替代机会尚未充分定价,三星/SK资本开支落地节奏、国内设备出口订单、洁净室项目签约,洁净室（超达装备）、半导体设备（北方华创/中微/拓荆）、零部件（富创/新莱/珂玛）、气体（广钢）,,0,0,35,
tech,FWD-20260624-003,无人驾驶与物理AI,Momenta递交招股书，物理AI/自动驾驶IPO催化，累计装车90万+台,2026-06-24,2026H2,2026-07-01,2026-12-31,half-year,2026H2,高,★★★★,初步交易,Momenta毛利率从17.5%升至71.6%超预期，Robo业务2000亿美金市场空间,IPO进度、估值区间、Robotaxi商业化数据、R7世界模型迭代,物理AI/世界模型、自动驾驶方案商、域控制器、传感器,无明确受损方,0,0,35,
tech,FWD-20260615-009,AI算力,Rubin供应链订单验证——英伟达7/21官宣全面量产，预期从延期担忧转为产能爬坡验证,2026-06-15,2026H2-2027,2026-07-01,2026-12-31,half-year,2026H2,高,★★★★★,充分交易,英伟达7/21官宣Rubin已开启全面量产并部署至各大客户，此前一个月的延期争论被证伪；真正预期差转向每日1000台机柜产能爬坡节奏与订单良率。新增配套催化：NVIDIA与SK集团超5000亿美元AI计划(含2GW数据中心+联合开发HBM)。,云厂商CAPEX、供应链出货、CPO良率,AI服务器、CPO、光模块、PCB、液冷、HBM、CoWoS、高速连接,旧平台服务器/传统散热,0,0,35,
tech,FWD-20260617-021,先进封装,玻璃基板/TGV试点线与设备订单验证,2026-06-17,2026H2-2027,2026-07-01,2026-12-31,half-year,2026H2,中高,★★★★★,充分交易/高拥挤,已从低位预期差转入验证预期差,试点线、送样、良率、设备订单、客户认证、量产时间表,TGV设备、玻璃原片、激光钻孔、电镀/PVD、检测、封测/面板级封装,无法通过送样/良率低的主题环节,0,0,35,
tech,FWD-20260730-002,AI算力,Google TPU外售收入于2026年爬坡并在2027年加速,2026-07-30,2026H2-2027,2026-07-01,2026-12-31,half-year,2026H2,中高,★★★★,初步交易,TPU从云内自用走向客户数据中心交付，供应链结构可能变化,外售客户数、收入确认、TPU代际与服务器BOM,TPU/ASIC服务器、交换、光互连、液冷与电力,仅依赖通用GPU份额不变假设的供应链,0,0,35,
tech,FWD-20260621-002,半导体,功率半导体H2涨价延续与毛利率验证,2026-06-21,2026Q3-Q4,2026-07-01,2026-12-31,quarter,2026Q3-Q4,中高,★★★★,部分交易,涨价能否传导至毛利率改善,Q2财报毛利率、H2涨价函、代工稼动率、库存天数,IGBT、MOSFET、SiC功率器件、功率代工,太阳能逆变器等需求疲弱品类,0,0,35,
tech,FWD-20260617-027,机器人,Physical AI与机器人量产链周度订单验证,2026-06-17,2026Q3-Q4,2026-07-01,2026-12-31,quarter,2026Q3-Q4,中高,★★★★,部分交易/反复轮动,从IPO催化转向订单和产能验证,PPA回函、项目书、周度订单、海外建厂、良率、毛利率,执行器、减速器、丝杠、传感器、PEEK、绕线设备、工业AI系统,未进入真实供应链的概念零部件,0,0,35,
nonfin,MACH-MOTHER-2026-001,工业机械,数控机床和自动化核心部件产量高增，工业母机景气度改善,2026-07-30,2026年6月—9月,2026-06-01,2026-09-30,month,2026-06-01~2026-09-30,高,★★★★★,初步交易,工业母机是机械板块里最接近政策+国产替代+需求验证的方向。,数控机床产量、数控系统国产化率、航空航天/汽车订单、设备更新落地,高端数控机床、数控系统、主轴、刀具、工业自动化部件企业,,0,0,34,
nonfin,MACH-ELECTRIC-2026-001,工业机械,电动装载机渗透率快速提升，工程机械电动化进入订单验证,2026-07-30,2026年6月—9月,2026-06-01,2026-09-30,month,2026-06-01~2026-09-30,高,★★★★,初步交易,电动装载机1—5月销量同比高增，需跟踪是否从国内场景走向海外复制。,电动装载机销量、出口、矿山/港口采购、电池成本,电动装载机整机、电池包、电驱动、矿山港口场景设备供应商,,0,0,34,
nonfin,STOR-SODIUM-2026-001,电池储能,钠离子电池从概念转入储能示范和订单商业化验证,2026-07-30,2026年6月—8月,2026-06-01,2026-08-31,month,2026-06-01~2026-08-31,高,★★★★,初步交易,钠电尚未替代LFP，只有大规模交付和成本优势明确才会形成持续产业事件。,钠电项目交付、循环寿命、单位Wh成本、LFP价差、量产良率,钠电电芯、正负极材料、电解液和储能集成企业,,0,0,34,
tech,FWD-20260727-004,半导体,磷化铟衬底价格与供给缺口延续，AXT积压订单及扩产提供海外需求验证,2026-07-27,2026H2,2026-07-01,2026-12-31,half-year,2026H2,中高,★★★★,部分交易,AXT超过1亿美元积压订单支持需求方向，但材料中的季度收入和远期产能精确口径仍待公司10-Q/电话会核验。,AXT 10-Q/电话会、积压订单转收入、月产能、磷化铟价格、国产厂商产能爬坡及客户认证,磷化铟衬底(云南锗业/兴业科技/光智科技),无国产产能的海外衬底依赖方,1,0,34,
nonfin,SEC-REFORM-2026-001,证券,陆家嘴论坛释放并购重组、再融资、主动ETF和REITs改革信号,2026-07-30,2026年6月—9月,2026-06-01,2026-09-30,month,2026-06-01~2026-09-30,高,★★★★,初步交易,政策方向明确，交易弹性取决于成交额和风险偏好回升。,并购审核速度、再融资规则修订、主动ETF落地、市场成交额,投行业务券商、并购财顾、资管机构、基金公司和交易所生态服务商,,0,0,34,
nonfin,PHARMA-PAY-2026-001,创新药,首版商保创新药目录实施，创新药支付体系从医保单一支付走向医保+商保补充,2026-07-30,2026年6月—10月,2026-06-01,2026-10-31,month,2026-06-01~2026-10-31,高,★★★★,初步交易,支付端是创新药放量的中期变量，短期要看真实赔付和处方转化。,商保目录扩容、保险赔付、医院处方量、患者自付比例,高临床价值创新药、罕见病药、CAR-T和阿尔茨海默症药物企业,,0,0,34,
nonfin,STOR-VRFB-2026-001,电池储能,长时储能示范项目推动全钒液流进入GWh级复制观察,2026-07-30,2026年6月—8月,2026-06-01,2026-08-31,month,2026-06-01~2026-08-31,高,★★★★,初步交易,液流电池适合长时储能，弹性取决于项目复制速度和钒价成本压力。,4小时以上储能招标、钒价、电解液租赁模式、示范项目运行数据,钒资源、钒电解液、液流电池电堆和长时储能系统商,,0,0,34,
nonfin,SOLAR-INV-2026-001,绿能,欧盟限制公共资金支持中国逆变器项目，海外逆变器和PCS面临政策扰动,2026-07-30,2026年6月—8月,2026-06-01,2026-08-31,month,2026-06-01~2026-08-31,高,★★★★,初步交易,偏风险事件；可能压制中国逆变器欧洲新增项目，但也可能推动本地化和非欧市场转移。,欧盟安全审查、成员国执行细则、欧洲订单延期、渠道库存,海外逆变器、储能PCS、欧洲本地化产能和非敏感渠道企业,,0,0,34,
tech,FWD-20260618-SW-013,消费电子与端侧AI,WWDC/Google I/O后AI眼镜、AI手机、AI PC产品节奏跟踪,2026-06-18,2026-06至2026-07,2026-06-01,2026-12-31,year,2026-06-01~2026-12-31,高,★★★★,已交易,发布会催化需转化为出货和BOM提升,新品定档、预售、供应链拉货、BOM价值量,AI SoC/NPU、模组、ODM、光学/声学组件,纯概念终端供应链,0,0,33,
tech,FWD-20260714-002,AI算力,大模型ARR加速验证资本开支持续性，7月下旬财报前科技股预计宽幅震荡,2026-07-14,2026H2-2027,2026-07-01,2026-12-31,half-year,2026H2,高,★★★★,部分交易,海外算力投入占CSP资本开支约50%，只要五大模型厂商总ARR增速无问题资本开支就不会有问题；智谱ARR超预期15倍增长是国内印证信号,海外CSP Q2财报、智谱/DS等国内模型厂商后续ARR披露、Meta等capex指引上修幅度,算力租赁、AI应用SaaS、定制芯片(芯原/翱捷),若海外大模型ARR增速不及预期，capex上修逻辑证伪,0,0,33,
tech,FWD-20260617-020,半导体,西安奕材上市后12英寸硅片产能爬坡与募投项目达产跟踪,2026-06-17,2026H2,2026-07-01,2026-12-31,half-year,2026H2,高,★★★★,部分交易,IPO已完成，后续预期差不在上市本身，而在120万片/月产能爬坡、客户认证、亏损收窄和涨价传导,二工厂达产进度、月产能、客户认证、产能利用率、折旧压力、毛利率、亏损收窄,12英寸硅片、300mm抛光片/外延片、国产晶圆厂扩产、硅片设备与耗材,海外高价硅片供应商、国产爬坡不及预期的低良率产能,0,0,33,
tech,FWD-20260708-004,AI光通信与高速互联,MPO连接器业绩密集释放窗口：汇聚科技H1已超全年，其他厂商7-8月陆续预告,2026-07-08,2026-07至2026-08,2026-07-01,2026-12-31,year,2026-07-01~2026-12-31,高,★★★★,初步交易,汇聚H1已超去年全年（市场此前预期过悲观）；谷歌CSP单家无源需求量超市场预期；MMC高端产品价值量对冲物料涨价,其他MPO公司（长芯博创等）7-8月预告；MMC占比和单价趋势；亿道等新品类验证,汇聚科技/长芯博创；MMC高端MPO产品放量；MPO产业链2年5x（600亿→3000亿）,物料涨价压缩部分利润率,0,0,33,
tech,FWD-20260618-SW-007,AI应用,企业软件二季报披露AI功能付费率与ARR进展,2026-06-18,2026-07至2026-08,2026-07-01,2026-12-31,year,2026-07-01~2026-12-31,高,★★★★,局部交易,真正预期差在ARPU、NRR和按效果收费,ARR、付费席位、净收入留存、AI功能毛利率,办公SaaS、ERP/CRM、客服/营销自动化、AI原生应用,AI功能免费但无付费转化公司,0,0,33,
tech,FWD-20260617-019,被动元件,MLCC涨价函与交期拉长持续验证,2026-06-17,2026Q3,2026-07-01,2026-09-30,quarter,2026Q3,中高,★★★★,充分交易/高拥挤,0728-29新增验证：三星8月部分料号拟涨30%、太阳诱电9月拟涨约20%，三环等国内厂商亦有调价预期；具体料号和落地幅度仍待正式通知,8-9月原厂正式通知、渠道成交价、交期、三环/风华Q3毛利率,高容高压MLCC、陶瓷粉体/介质材料、AI服务器主板物料、被动元件平台,低端消费电子被动元件、涨价无法传导的中低端库存品,0,0,33,
tech,FWD-20260615-011,商业航天,商业火箭集中试射/IPO推进,2026-06-15,2026H2,2026-07-01,2026-12-31,half-year,2026H2,中高,★★★★,部分交易,可回收火箭技术节点可能成为板块二次催化,试射日期、入轨、一级回收、后续订单,火箭发动机、箭体材料、测控、发射服务、卫星制造,试射失败相关方向,0,0,33,
tech,FWD-20260624-001,半导体与先进封装,功率器件涨价持续至2027年，中低压器件累计涨20-40%，AI电源敞口从个位数升至15-20%,2026-06-24,2026H2-2027,2026-07-01,2026-12-31,half-year,2026H2,高,★★★★,部分交易,AI电源从概念到订单兑现的速度，二轮涨价持续性,季度涨价幅度、Fab稼动率、AI电源订单占比、毛利率趋势,中低压MOSFET龙头、SiC MOSFET、AI服务器电源厂、功率Fab厂,依赖外采功率器件的电源集成商成本承压,0,0,33,
nonfin,HYDRO-2026-001,绿能,5月水电发电同比高增，迎峰度夏期间防守属性增强,2026-07-30,2026年6月—8月,2026-06-01,2026-08-31,month,2026-06-01~2026-08-31,高,★★★★,部分交易,偏防守与现金流逻辑，弹性取决于来水持续性和电价机制。,来水情况、水库水位、外送电量、火电替代强度,大型水电运营商、流域梯级电站、抽水蓄能运营商,,0,0,32,
nonfin,SOLAR-2026-001,绿能,1—4月太阳能装机同比高增，低组件价格利好电站投资方,2026-07-30,2026年6月—8月,2026-06-01,2026-08-31,month,2026-06-01~2026-08-31,高,★★★★,部分交易,制造端供给过剩仍压制利润，装机数据更利好运营端和辅材端。,国家能源局月度新增装机、组件价格、消纳率、绿电交易电价,光伏电站运营商、EPC、逆变器、支架和储能配套企业,,0,0,32,
nonfin,MACH-EXPORT-2026-001,工业机械,挖掘机和装载机1-6月销量高增(yoy+26.4%)，3-6月连续4个月超预期，出口链条维持景气,2026-07-30,2026年6月—9月,2026-06-01,2026-09-30,month,2026-06-01~2026-09-30,高,★★★★,部分交易,出口仍是核心变量，国内修复提供辅助。,挖掘机/装载机出口销量、海外经销商库存、汇率、主要市场基建周期,工程机械整机、液压件、底盘件和海外渠道型企业,,0,0,32,
nonfin,MACH-RENEW-2026-001,工业机械,大规模设备更新政策继续推进，工业设备替换需求进入订单落地期,2026-07-30,2026年6月—9月,2026-06-01,2026-09-30,month,2026-06-01~2026-09-30,高,★★★★,部分交易,政策不是新概念，预期差在资金落地和中小企业覆盖面。,专项资金、地方项目清单、制造业资本开支、订单公告,机床、检测设备、自动化产线、节能设备和工业软件供应商,,0,0,32,
nonfin,PHARMA-BD-2026-001,创新药,MNC专利悬崖推动中国创新药License-out继续活跃,2026-07-30,2026年6月—10月,2026-06-01,2026-10-31,month,2026-06-01~2026-10-31,高,★★★★★,部分交易,重点看首付款质量和权益范围，不只看总交易金额。,首付款规模、权益范围、里程碑兑现、海外临床推进,具备全球权益管线的Biotech、ADC平台、双抗平台和自免/代谢病创新药企业,,0,0,32,
nonfin,STOR-LFP-2026-001,电池储能,中国能建30GWh磷酸铁锂储能系统集采推动大储订单验证,2026-07-30,2026年6月—8月,2026-06-01,2026-08-31,month,2026-06-01~2026-08-31,高,★★★★★,部分交易,重点不是招标规模本身，而是中标价格是否止跌、订单质量是否改善。,央国企储能集采GWh、中标价格、并网进度、系统毛利率,LFP电芯厂、储能系统集成商、PCS、温控和消防供应商,,0,0,32,
nonfin,PHARMA-ASCO-2026-001,创新药,2026 ASCO中国创新药数据集中披露，ADC/双抗等平台型资产进入再定价,2026-07-30,2026年6月—10月,2026-06-01,2026-10-31,month,2026-06-01~2026-10-31,高,★★★★,部分交易,ASCO已结束，后续不能只看数据展示，要看BD和注册路径。,ASCO后BD进展、三期数据、FDA沟通、海外合作首付款,肿瘤创新药、ADC、双抗、CAR-T和全球多中心临床企业,,0,0,32,
nonfin,SEC-MA-2026-001,证券,中金吸收合并东兴证券和信达证券股东会通过，券商整合进入监管核准阶段,2026-07-30,2026年6月—9月,2026-06-01,2026-09-30,month,2026-06-01~2026-09-30,高,★★★★★,部分交易,券商并购主题已交易，但审批进度和后续整合仍有事件弹性。,监管核准进度、债权人申报、整合协同、投行业务收入,头部券商、区域券商、投行业务和财富管理能力强的券商,,0,0,32,
nonfin,BANK-NIM-2026-001,银行,商业银行净息差降至1.40%，负债成本压降成为盈利修复关键,2026-07-30,2026年6月—9月,2026-06-01,2026-09-30,month,2026-06-01~2026-09-30,高,★★★★,部分交易,息差下探带来业绩压力，预期差在存款成本下降速度和资产质量分化。,商业银行净息差、存款挂牌利率、贷款收益率、不良率,低负债成本银行、存款基础强银行、资产质量稳健银行,,0,0,32,
tech,FWD-20260618-SW-009,AI应用,AI原生应用进入行业化复制和续费验证期,2026-06-18,2026H2-2027H1,2026-07-01,2027-06-30,half-year,2026-07-01~2027-06-30,中高,★★★★,未充分交易,行业模板与私有数据是壁垒,行业客户数、续约率、交付周期、推理成本,AI原生应用、垂直SaaS、企业数据服务,缺少行业数据和交付能力产品,0,0,31,
tech,FWD-20260618-SW-001,AI应用基础设施,GPU租赁价格、国内云厂上架价格与大客户续约观察,2026-06-18,2026-06至2026-07,2026-06-01,2026-12-31,year,2026-06-01~2026-12-31,高,★★★★,部分交易,价格与续约能否穿越短期GPU供给变化,GPU小时租金、上架率、客户续约率、AIDC上电、CSP Capex,IDC运营商、GPU云平台、算力调度、电力/液冷配套,低利用率平台、现金流压力平台,0,0,31,
tech,FWD-20260617-028,半导体,晶圆代工涨价与成熟制程转单验证,2026-06-17,2026Q3,2026-07-01,2026-09-30,quarter,2026Q3,中,★★★★,初步交易/待核验,涨价幅度和转单节奏仍需核验,报价、ASP、稼动率、客户排产、净利率、资本开支,晶圆代工、BCD/PMIC/MOS、特色工艺、国产先进制程,涨价无法落地或稼动率不足的晶圆厂,0,0,31,
tech,FWD-20260708-002,创新药,WCLC(9/12-15)+ESMO(10/23-27)创新药双会议数据读出窗口,2026-07-08,2026-09-12至2026-10-27,2026-09-12,2026-10-27,day,2026-09-12~2026-10-27,确定,★★★★,未充分交易,H1 BD 997亿美元已确认中国资产价值，数据会议为价值验证窗口，预期超额收益在数据读出前1-2个月开始积累,重磅数据入选摘要情况；MNC后续BD进展；礼来/BMS第二批合作,ADC/双抗/小核酸具备重磅数据读出的Biotech；已BD出海但数据未公开的管线,数据不达预期的标的,0,0,31,
tech,FWD-20260701-002,机器人/AI应用,WAIC世界人工智能大会（7月上海）+ 世界机器人大会（8月北京），具身智能大规模催化窗口,2026-07-01,2026-07至2026-08,2026-07-01,2026-12-31,year,2026-07-01~2026-12-31,确定,★★★★★,部分预期,有，7-8月为机器人IPO+展会+量产验证三重叠加,WAIC机器人展示/发布、WRC订单/量产公告、Optimus Gen3正式发布,具身智能整机（优必选/锋龙）、核心零部件、AI应用商业化,,0,0,29,
tech,FWD-20260617-025,光通信与高速连接,NPO/Scale-up光互连样机和订单窗口,2026-06-17,2026H2-2027,2026-07-01,2026-12-31,half-year,2026H2,中,★★★★,初步交易/前瞻升温,路线分歧带来的预期差，尚未进入利润兑现,样机、客户路线图、订单、测试设备扩产、MPO/保偏光纤需求,NPO光引擎、测试设备、MPO/FAU、保偏光纤、光芯片、陶瓷基板,CPO进度更快导致NPO低于预期的环节,0,0,29,
tech,FWD-20260618-SW-016,AI应用,企业RAG/Agent项目带动私有数据治理需求,2026-06-18,2026-06至2026-07,2026-06-01,2026-12-31,year,2026-06-01~2026-12-31,中高,★★★,局部交易,高质量企业私有数据可能成为AI应用瓶颈,企业数据接入源、知识库项目、标注订单、评测集采购,数据标注、数据治理、企业知识库、RAG连接器,低质量通用数据供应商,0,0,29,
tech,FWD-20260617-024,AI算力,AI连接芯片国产替代导入窗口,2026-06-17,2026H2-2027,2026-07-01,2026-12-31,half-year,2026H2,中,★★★★,初步交易,国产替代能否从样品到批量导入,客户认证、产品代际、订单、云厂商导入、毛利率,PCIe/CXL、Retimer、交换芯片、PHY、DSP、NVLink Fusion兼容芯片,低速/低端连接芯片、缺乏验证的主题环节,0,0,29,
tech,FWD-20260617-033,电力与算电,海外AIDC缺电下燃气轮机/气发订单验证,2026-06-17,2026H2-2027,2026-07-01,2026-12-31,half-year,2026H2,中,★★★★,部分交易,数据中心电源供给瓶颈从电网接入扩散到表后发电,订单排期、价格、交付、北美/海外认证、客户、毛利率,燃气轮机、天然气发电机组、SOFC、储能、并网设备、变压器,只依赖主题、无订单/认证的发电设备,0,0,27,
tech,FWD-20260621-003,半导体,铟出口管制可能从审查升级为正式限制,2026-06-21,2026H2,2026-07-01,2026-12-31,half-year,2026H2,中,★★★★,部分交易,审查与正式管制之间存在政策升级空间,管制清单更新、铟价走势、海外备货、Coherent等海外厂商应对,国内磷化铟衬底、高纯铟提纯、光芯片国产替代,海外光芯片/光模块厂商、依赖进口铟的企业,0,0,27,
tech,FWD-20260617-030,光通信与高速连接,PTFE/PPO等AI高速PCB树脂材料认证,2026-06-17,2026H2-2027,2026-07-01,2026-12-31,half-year,2026H2,中,★★★★,部分交易,材料验证到量产仍有预期差,送样、客户认证、加工工艺、良率、量产时间、价格、毛利率,PTFE、PPO、低介电树脂、CCL、M9/M10材料、覆铜板工艺,无法通过加工/成本/客户验证的材料,0,0,27,
tech,FWD-20260618-SW-004,AI应用基础设施,CME/Silicon Data compute futures后续产品与流动性观察,2026-06-18,2026-06至2026-07,2026-06-01,2026-12-31,year,2026-06-01~2026-12-31,中,★★★★,概念升温,合作推出不等于成熟市场，需看流动性和市场参与者,合约细则、成交量、持仓量、价格指数、参与者类型,算力指数、交易所、算力租赁平台、Token运营,无连续价格或无流动性的平台,0,0,27,
tech,FWD-20260617-026,先进封装,ABF膜国产替代验证与载板长约,2026-06-17,2026H2-2027,2026-07-01,2026-12-31,half-year,2026H2,中,★★★★,部分交易,日企垄断与国产验证之间的预期差,交期、价格、客户认证、良率、载板厂长约、国产量产,ABF膜、类ABF膜、精密涂布、封装基板材料,无法通过客户认证的国产替代环节,0,0,27,
nonfin,WIND-2026-001,绿能,风电装机保持增长但低风速扰动发电兑现，迎峰度夏窗口需验证,2026-07-30,2026年6月—8月,2026-06-01,2026-08-31,month,2026-06-01~2026-08-31,中,★★★,初步交易,短期更影响运营端发电量；设备端要看招标和开工。,风速数据、风电发电量、弃风率、海风招标和项目开工,风电运营商、整机、叶片、塔筒、海缆和轴承企业,,0,0,26,
nonfin,HYDROGEN-2026-001,绿能,绿氢从规划示范转向工业消纳场景验证,2026-07-30,2026年6月—8月,2026-06-01,2026-08-31,month,2026-06-01~2026-08-31,中,★★★,未交易,氢能仍处验证阶段，真实消纳比规划规模更重要。,绿氢项目核准、合成氨/甲醇订单、电解槽价格、补贴细则,电解槽、制氢装备、绿氢消纳和化工园区综合能源服务商,,0,0,26,
nonfin,PHARMA-NRDL-2026-001,创新药,医保目录续约和支付标准再平衡影响创新药放量与价格预期,2026-07-30,2026年6月—10月,2026-06-01,2026-10-31,month,2026-06-01~2026-10-31,中,★★★,初步交易,不是创新药普涨逻辑，需要区分放量受益和降价受压品种。,医保续约结果、支付标准、院内准入、销量环比变化,医保谈判药、竞价药、院内渠道强的创新药企业,,0,0,26,
nonfin,HOTEL-2026-001,消费/出行,OTA监管落地提高业绩可见度，酒店链在低预期与暑期需求修复预期下出现估值修复,2026-07-30,8月暑期与中报披露,2026-08-01,2026-08-31,month,2026-08,中,★★★,初步交易,0728材料,RevPAR、入住率、机票价、OTA佣金,OTA平台、连锁酒店与出行服务,,0,0,26,年份取首次提出年份
tech,FWD-20260730-005,AI应用,Grok 4.6/4.7发布及能力验证,2026-07-30,2026-08,2026-08-01,2026-08-31,month,2026-08,中,★★★,未充分交易,发布时间和2.1万亿参数口径仍需实际产品验证,上线日期、基准测试、API价格、用户量,模型平台、推理算力与Agent生态,同质化模型与无差异应用,0,0,25,
tech,FWD-20260618-SW-015,消费电子与端侧AI,端侧AI从手机/PC扩展到眼镜、耳机、车载入口,2026-06-18,2026H2-2027H1,2026-07-01,2027-06-30,half-year,2026-07-01~2027-06-30,中,★★★★,未充分交易,Always-on入口将拉动Token消耗与新硬件BOM,AI眼镜出货、佩戴时长、续航、端侧调用量,AI眼镜、AI耳机、车载AI、端侧模型,无生态和入口能力硬件,0,0,25,
tech,FWD-20260617-031,商业航天,6G部省协同试点与卫星互联网融合验证,2026-06-17,2026H2-2029,2026-07-01,2026-12-31,half-year,2026H2,中,★★★,初步交易/前瞻,6G与卫星互联网绑定为中长期事件，短期仍需项目和招标验证,试点城市/省份、运营商CAPEX、卫星互联网试验、标准进度,6G基站/核心网/承载网、卫星互联网、激光通信、商业航天载荷、测试仪表,纯情绪商业航天概念、缺订单的影子股,0,0,25,
tech,FWD-20260618-SW-003,AI应用基础设施,算力服务平台从资源型平台向调度/金融/应用一体化升级,2026-06-18,2026H2-2027H1,2026-07-01,2027-06-30,half-year,2026-07-01~2027-06-30,中,★★★★,未充分交易,服务化和调度能力可能拉开平台差异,按Token计费合同、平台毛利率、客户结构、算力卡残值,算力调度、FinOps、Token工厂、AIDC运营,纯机柜托管低附加值环节,0,0,25,
tech,FWD-20260618-SW-012,AI应用,多Agent协作与企业知识工程进入规模部署观察期,2026-06-18,2026H2-2027H1,2026-07-01,2027-06-30,half-year,2026-07-01~2027-06-30,中,★★★★,未充分交易,标准化平台若形成，可提升软件估值中枢,行业模板、复用率、私有部署数量、客户续费,RAG、向量数据库、知识图谱、流程编排,交付高度定制且难复制的项目,0,0,25,
tech,FWD-20260617-032,电池储能,VC/负极等锂电材料中报修复观察,2026-06-17,2026Q3,2026-07-01,2026-09-30,quarter,2026Q3,中,★★★,部分交易/短线轮动,属于锂电材料修复，不纳入AI硬件主线,散单价、招标价、排产、原材料联动、毛利率、中报预告,VC添加剂、负极材料、石墨化、电解液、储能电池,无法涨价传导或需求低于预期环节,0,0,25,
tech,FWD-20260711-001,商业航天,太空光伏成为商业航天延伸新主线，卫星发射降本驱动电池片轻量化/高性价比技术迭代需求,2026-07-11,2026H2-2028,2026-07-01,2026-12-31,half-year,2026H2,中,★★★,初步交易,国金电新提出'2026年最强电新主线之一'，但当前仅为叙事演进(火箭降本→卫星放量→电池降本诉求)，缺乏具体订单/量产时间表验证,卫星制造商电池片采购招标、晶硅/钙钛矿叠层技术路线进展、星河动力等商业火箭发射节奏,光伏电池片(钧达股份/东方日升/协鑫科技)、光伏设备(迈为股份/捷佳伟创)、特殊材料(蓝思科技/瑞华泰/赛伍技术)、火箭发射配套(双良节能/中集安瑞科/九丰能源),纯情绪炒作缺乏订单验证的标的,0,0,25,
tech,FWD-20260615-012,低空经济,低空经济适航与运营场景验证,2026-06-15,2026H2,2026-07-01,2026-12-31,half-year,2026H2,中,★★★,初步交易,产业化取决于取证和场景订单,适航证、运营航线、招标订单,eVTOL、起降设施、通信导航、空管、运营服务,无适航/无订单概念,0,0,25,
tech,FWD-20260618-SW-017,AI应用,合成数据、隐私与版权风险进入监管和客户采购考核,2026-06-18,2026Q3,2026-07-01,2026-09-30,quarter,2026Q3,中,★★★,未充分交易,合规能力可能高于标注产能本身,版权诉讼、隐私评估、差分隐私要求、客户审计,合成数据平台、隐私计算、版权授权、数据合规,无合规能力数据公司,0,0,23,
tech,FWD-20260730-004,机器人,东方电热机器人液冷模组两条产线投产及客户定点,2026-07-30,2026-09至2027,2026-09-01,2027-12-31,year,2026-09-01~2027-12-31,中,★★★,初步交易,200套出货尚处样品/小批量，真正弹性取决于定点和量产,9月投产、订单、客户数量、单机价值量,机器人水泵、水阀、液冷模组与热管理系统,仅概念映射且无客户验证的液冷公司,0,0,23,
tech,FWD-20260615-010,半导体,基本半导体港股聆讯/上市,2026-06-15,2026H2,2026-07-01,2026-12-31,half-year,2026H2,中,★★★,部分交易,港股聆讯可带动SiC链观察，但盈利和产能利用率是硬约束,聆讯、招股书更新、产能利用率、客户认证,SiC衬底、功率器件、栅极驱动、模块封装、AI电源,无订单/持续亏损SiC企业,0,0,23,
tech,FWD-20260618-007,AI应用/先进制造,工业软件与Physical AI融合：仿真、CAE与世界模型,2026-06-18,2026-2028,2026-01-01,2028-12-31,year,2026-01-01~2028-12-31,中,★★★,局部交易,工业数据与安全合规形成壁垒，但商业化节奏需验证,工业AI订单、CAE软件续费、机器人仿真平台、世界模型落地案例,工业软件、CAE/仿真、工业数据、边缘算力、机器人训练平台,通用软件若被模型吞噬且缺乏工业数据壁垒,0,0,23,
tech,FWD-20260618-006,消费电子与端侧AI,AI SoC与Android XR/AI眼镜成为端侧AI入口前瞻,2026-06-18,2026-2028,2026-01-01,2028-12-31,year,2026-01-01~2028-12-31,中,★★★,局部交易,生态和出货量验证未完成，仍偏前瞻,Google I/O/Android XR工具包、三星/高通/XR新品、AI眼镜出货、SoC ASP,AI SoC、无线通信模组、低功耗MCU、AI眼镜ODM、音频/蓝牙芯片,传统智能硬件若AI入口迁移,0,0,23,
tech,FWD-20260618-004,光通信与高速连接,法拉第旋光片/隔离器供需紧张与光模块上游小材料重估,2026-06-18,2026-2027,2026-01-01,2027-12-31,year,2026-01-01~2027-12-31,中,★★★,较少交易/待核验,小材料一旦断供或涨价，可能影响光模块交付,Coherent/住友Granopt供给、稀土出口、交期、价格、国产替代送样,光隔离器、法拉第旋光片、磁光晶体、稀土磁光材料、长晶设备,依赖外购高端旋光片的光器件厂商,0,0,23,
tech,FWD-20260618-003,光通信与高速连接,空芯光纤/多芯光纤在AIDC与高速互联中的产业化前瞻,2026-06-18,2026-2029,2026-01-01,2029-12-31,year,2026-01-01~2029-12-31,中,★★★,局部交易,若CSP长协落地和AIDC需求超预期，高端光纤弹性高,北美CSP LTA、657A1/A2价格、空芯光纤客户验证、MPO/数据中心布线订单,空芯光纤、多芯光纤、保偏光纤、光纤预制棒、数据中心布线,普通低端光纤若价格回落,0,0,23,
tech,FWD-20260618-002,新材料/数据中心基础设施,金刚石复合散热材料在AI高功率芯片中的送样验证,2026-06-18,2026-2028,2026-01-01,2028-12-31,year,2026-01-01~2028-12-31,中,★★★,局部交易,0-1技术路线，验证难度和成本良率高,海外客户送样、二次送样、量产线、良率、单片成本、热阻数据、客户导入,金刚石复合散热片、金刚石+铜/SiC、微通道冷板、高功率GPU散热材料,传统散热材料若性能瓶颈显现,0,0,23,
tech,FWD-20260618-001,光通信与高速连接,MicroLED光通信方案在AI中短距互联中的前瞻验证,2026-06-18,2026-2028,2026-01-01,2028-12-31,year,2026-01-01~2028-12-31,中,★★★,局部交易/前瞻炒作,技术路线新但标准化和光耦合难度高,标准化进展、10-50米场景样品、客户验证、功耗/成本曲线、耦合良率,MicroLED芯片、硅基透镜、多芯光纤、光耦合、TGV封装、先进封装,短期现有光模块格局暂无直接冲击,0,0,23,
nonfin,BANK-DIV-2026-001,银行,上市银行年度分红密集落地，中期分红常态化增强类固收属性,2026-07-30,2026年6月—9月,2026-06-01,2026-09-30,month,2026-06-01~2026-09-30,中,★★★★,充分交易,银行红利逻辑已充分交易，短期更多是防守配置而非新弹性。,股息率、分红率、险资增持、十年期国债收益率,大型银行、优质城商行、低估值高分红银行,,0,0,22,
tech,FWD-20260618-SW-018,AI应用,数据资产化与行业数据交易形成长期前瞻,2026-06-18,2026H2-2027H1,2026-07-01,2027-06-30,half-year,2026-07-01~2027-06-30,中,★★★,未充分交易,数据确权和授权模式决定长期收入质量,数据交易额、授权合同、数据入表政策、行业模型需求,数据交易所、行业数据平台、标注/评测、合成数据,单一人工标注低附加值环节,0,0,21,
tech,FWD-20260618-SW-006,AI应用基础设施,算力资产证券化/融资租赁/长期购电合同联动,2026-06-18,2026H2-2027H1,2026-07-01,2027-06-30,half-year,2026-07-01~2027-06-30,中,★★★,未充分交易,金融化提高资产周转，但也放大周期风险,ABS发行、融资成本、长期客户合同、用电成本,IDC运营商、算力租赁、金融化服务、储能/电力配套,高负债且利用率低平台,0,0,21,
tech,FWD-20260618-005,半导体材料,电子级氢氟酸/氦气等半导体制造材料价格链,2026-06-18,2026-2027,2026-01-01,2027-12-31,year,2026-01-01~2027-12-31,中,★★★,部分交易,涨价需确认能否持续并传导到国产材料企业利润,韩国/日本供应商涨价函、国内电子级产品认证、价格、出货量、毛利率,电子级HF、无水氢氟酸、电子特气、氦气、湿电子化学品,受高纯材料涨价挤压的制造端,0,0,21,
tech,FWD-20260730-003,消费电子与端侧AI,苹果Siri智能家居中枢产品发布,2026-07-30,2026-10至2027初,2026-10-01,2027-03-31,year,2026-10-01~2027-03-31,中,★★★,未充分交易,产品能否形成Siri的新家庭入口尚未验证,发布会、售价、供应链备货、销量与生态,智能家居中枢、声学/显示/摄像头/ODM、端侧SoC,缺乏AI交互升级的传统智能音箱,0,0,19,
