sector_id,sub_sector,stock_code,company_name,basket_role,source_type,source_name,source_url,inclusion_reason,business_relevance,verified_on,review_status,valid_until,note
innovative_drug,创新药（PD-1/ADC/GLP-1/CGT/mRNA）,603259,药明康德,market_representative,official_index,中证创新药30指数2026-05-29单张,https://oss-ch.csindex.com.cn/static/html/csindex/public/uploads/indices/detail/files/zh_CN/931440factsheet.pdf,官方指数前十大权重股,medium,2026-08-13,approved,2026-12-31,CXO属性需与创新药本体区分
innovative_drug,创新药（PD-1/ADC/GLP-1/CGT/mRNA）,600276,恒瑞医药,market_representative,official_index,中证创新药30指数2026-05-29单张,https://oss-ch.csindex.com.cn/static/html/csindex/public/uploads/indices/detail/files/zh_CN/931440factsheet.pdf,官方指数前十大权重股,high,2026-08-13,approved,2026-12-31,
innovative_drug,创新药（PD-1/ADC/GLP-1/CGT/mRNA）,002422,科伦药业,market_representative,official_index,中证创新药30指数2026-05-29单张,https://oss-ch.csindex.com.cn/static/html/csindex/public/uploads/indices/detail/files/zh_CN/931440factsheet.pdf,官方指数前十大权重股,high,2026-08-13,approved,2026-12-31,
innovative_drug,创新药（PD-1/ADC/GLP-1/CGT/mRNA）,600196,复星医药,market_representative,official_index,中证创新药30指数2026-05-29单张,https://oss-ch.csindex.com.cn/static/html/csindex/public/uploads/indices/detail/files/zh_CN/931440factsheet.pdf,官方指数前十大权重股,medium,2026-08-13,approved,2026-12-31,综合制药平台
innovative_drug,创新药（PD-1/ADC/GLP-1/CGT/mRNA）,688235,百济神州,market_representative,official_index,中证创新药30指数2026-05-29单张,https://oss-ch.csindex.com.cn/static/html/csindex/public/uploads/indices/detail/files/zh_CN/931440factsheet.pdf,官方指数前十大权重股,high,2026-08-13,approved,2026-12-31,
innovative_drug,创新药（PD-1/ADC/GLP-1/CGT/mRNA）,000963,华东医药,market_representative,official_index,中证创新药30指数2026-05-29单张,https://oss-ch.csindex.com.cn/static/html/csindex/public/uploads/indices/detail/files/zh_CN/931440factsheet.pdf,官方指数前十大权重股,medium,2026-08-13,approved,2026-12-31,综合医药业务
innovative_drug,创新药（PD-1/ADC/GLP-1/CGT/mRNA）,002821,凯莱英,market_representative,official_index,中证创新药30指数2026-05-29单张,https://oss-ch.csindex.com.cn/static/html/csindex/public/uploads/indices/detail/files/zh_CN/931440factsheet.pdf,官方指数前十大权重股,medium,2026-08-13,approved,2026-12-31,CXO属性需与创新药本体区分
innovative_drug,创新药（PD-1/ADC/GLP-1/CGT/mRNA）,688331,荣昌生物,market_representative,official_index,中证创新药30指数2026-05-29单张,https://oss-ch.csindex.com.cn/static/html/csindex/public/uploads/indices/detail/files/zh_CN/931440factsheet.pdf,官方指数前十大权重股,high,2026-08-13,approved,2026-12-31,
innovative_drug,创新药（PD-1/ADC/GLP-1/CGT/mRNA）,688506,百利天恒,market_representative,official_index,中证创新药30指数2026-05-29单张,https://oss-ch.csindex.com.cn/static/html/csindex/public/uploads/indices/detail/files/zh_CN/931440factsheet.pdf,官方指数前十大权重股,high,2026-08-13,approved,2026-12-31,
innovative_drug,创新药（PD-1/ADC/GLP-1/CGT/mRNA）,603087,甘李药业,market_representative,official_index,中证创新药30指数2026-05-29单张,https://oss-ch.csindex.com.cn/static/html/csindex/public/uploads/indices/detail/files/zh_CN/931440factsheet.pdf,官方指数前十大权重股,high,2026-08-13,approved,2026-12-31,
semiconductor_equipment_materials,半导体材料与设备,688012,中微公司,market_representative,official_index,中证半导体材料设备主题指数2026-03-31单张,https://oss-ch.csindex.com.cn/static/html/csindex/public/uploads/indices/detail/files/zh_CN/931743factsheet.pdf,官方指数前十大权重股,high,2026-08-13,approved,2026-12-31,
semiconductor_equipment_materials,半导体材料与设备,002371,北方华创,market_representative,official_index,中证半导体材料设备主题指数2026-03-31单张,https://oss-ch.csindex.com.cn/static/html/csindex/public/uploads/indices/detail/files/zh_CN/931743factsheet.pdf,官方指数前十大权重股,high,2026-08-13,approved,2026-12-31,
semiconductor_equipment_materials,半导体材料与设备,688072,拓荆科技,market_representative,official_index,中证半导体材料设备主题指数2026-03-31单张,https://oss-ch.csindex.com.cn/static/html/csindex/public/uploads/indices/detail/files/zh_CN/931743factsheet.pdf,官方指数前十大权重股,high,2026-08-13,approved,2026-12-31,
semiconductor_equipment_materials,半导体材料与设备,300604,长川科技,market_representative,official_index,中证半导体材料设备主题指数2026-03-31单张,https://oss-ch.csindex.com.cn/static/html/csindex/public/uploads/indices/detail/files/zh_CN/931743factsheet.pdf,官方指数前十大权重股,high,2026-08-13,approved,2026-12-31,
semiconductor_equipment_materials,半导体材料与设备,688120,华海清科,market_representative,official_index,中证半导体材料设备主题指数2026-03-31单张,https://oss-ch.csindex.com.cn/static/html/csindex/public/uploads/indices/detail/files/zh_CN/931743factsheet.pdf,官方指数前十大权重股,high,2026-08-13,approved,2026-12-31,
semiconductor_equipment_materials,半导体材料与设备,688126,沪硅产业,market_representative,official_index,中证半导体材料设备主题指数2026-03-31单张,https://oss-ch.csindex.com.cn/static/html/csindex/public/uploads/indices/detail/files/zh_CN/931743factsheet.pdf,官方指数前十大权重股,high,2026-08-13,approved,2026-12-31,
semiconductor_equipment_materials,半导体材料与设备,688361,中科飞测,market_representative,official_index,中证半导体材料设备主题指数2026-03-31单张,https://oss-ch.csindex.com.cn/static/html/csindex/public/uploads/indices/detail/files/zh_CN/931743factsheet.pdf,官方指数前十大权重股,high,2026-08-13,approved,2026-12-31,
semiconductor_equipment_materials,半导体材料与设备,300346,南大光电,market_representative,official_index,中证半导体材料设备主题指数2026-03-31单张,https://oss-ch.csindex.com.cn/static/html/csindex/public/uploads/indices/detail/files/zh_CN/931743factsheet.pdf,官方指数前十大权重股,high,2026-08-13,approved,2026-12-31,
semiconductor_equipment_materials,半导体材料与设备,688019,安集科技,market_representative,official_index,中证半导体材料设备主题指数2026-03-31单张,https://oss-ch.csindex.com.cn/static/html/csindex/public/uploads/indices/detail/files/zh_CN/931743factsheet.pdf,官方指数前十大权重股,high,2026-08-13,approved,2026-12-31,
semiconductor_equipment_materials,半导体材料与设备,300666,江丰电子,market_representative,official_index,中证半导体材料设备主题指数2026-03-31单张,https://oss-ch.csindex.com.cn/static/html/csindex/public/uploads/indices/detail/files/zh_CN/931743factsheet.pdf,官方指数前十大权重股,high,2026-08-13,approved,2026-12-31,
solar_pv_system,光伏全链（组件/电池片/硅料/逆变器）,600089,特变电工,market_representative,official_index,中证光伏产业指数2026-03-31单张,https://oss-ch.csindex.com.cn/static/html/csindex/public/uploads/indices/detail/files/zh_CN/931151factsheet.pdf,官方指数前十大权重股,high,2026-08-13,approved,2026-12-31,
solar_pv_system,光伏全链（组件/电池片/硅料/逆变器）,601012,隆基绿能,market_representative,official_index,中证光伏产业指数2026-03-31单张,https://oss-ch.csindex.com.cn/static/html/csindex/public/uploads/indices/detail/files/zh_CN/931151factsheet.pdf,官方指数前十大权重股,high,2026-08-13,approved,2026-12-31,
solar_pv_system,光伏全链（组件/电池片/硅料/逆变器）,300274,阳光电源,market_representative,official_index,中证光伏产业指数2026-03-31单张,https://oss-ch.csindex.com.cn/static/html/csindex/public/uploads/indices/detail/files/zh_CN/931151factsheet.pdf,官方指数前十大权重股,high,2026-08-13,approved,2026-12-31,
solar_pv_system,光伏全链（组件/电池片/硅料/逆变器）,000100,TCL科技,market_representative,official_index,中证光伏产业指数2026-03-31单张,https://oss-ch.csindex.com.cn/static/html/csindex/public/uploads/indices/detail/files/zh_CN/931151factsheet.pdf,官方指数前十大权重股,medium,2026-08-13,approved,2026-12-31,综合业务
solar_pv_system,光伏全链（组件/电池片/硅料/逆变器）,605117,德业股份,market_representative,official_index,中证光伏产业指数2026-03-31单张,https://oss-ch.csindex.com.cn/static/html/csindex/public/uploads/indices/detail/files/zh_CN/931151factsheet.pdf,官方指数前十大权重股,high,2026-08-13,approved,2026-12-31,
solar_pv_system,光伏全链（组件/电池片/硅料/逆变器）,600438,通威股份,market_representative,official_index,中证光伏产业指数2026-03-31单张,https://oss-ch.csindex.com.cn/static/html/csindex/public/uploads/indices/detail/files/zh_CN/931151factsheet.pdf,官方指数前十大权重股,high,2026-08-13,approved,2026-12-31,
solar_pv_system,光伏全链（组件/电池片/硅料/逆变器）,300751,迈为股份,market_representative,official_index,中证光伏产业指数2026-03-31单张,https://oss-ch.csindex.com.cn/static/html/csindex/public/uploads/indices/detail/files/zh_CN/931151factsheet.pdf,官方指数前十大权重股,high,2026-08-13,approved,2026-12-31,
solar_pv_system,光伏全链（组件/电池片/硅料/逆变器）,300757,罗博特科,market_representative,official_index,中证光伏产业指数2026-03-31单张,https://oss-ch.csindex.com.cn/static/html/csindex/public/uploads/indices/detail/files/zh_CN/931151factsheet.pdf,官方指数前十大权重股,medium,2026-08-13,approved,2026-12-31,
solar_pv_system,光伏全链（组件/电池片/硅料/逆变器）,601877,正泰电器,market_representative,official_index,中证光伏产业指数2026-03-31单张,https://oss-ch.csindex.com.cn/static/html/csindex/public/uploads/indices/detail/files/zh_CN/931151factsheet.pdf,官方指数前十大权重股,medium,2026-08-13,approved,2026-12-31,
solar_pv_system,光伏全链（组件/电池片/硅料/逆变器）,300724,捷佳伟创,market_representative,official_index,中证光伏产业指数2026-03-31单张,https://oss-ch.csindex.com.cn/static/html/csindex/public/uploads/indices/detail/files/zh_CN/931151factsheet.pdf,官方指数前十大权重股,high,2026-08-13,approved,2026-12-31,
energy_storage,储能系统（电芯/PCS/BMS/系统集成）,300750,宁德时代,market_representative,fund_report,易方达国证新能源电池ETF 2026年一季报,https://cdn.efunds.com.cn/owch/data/bulletin/20260422/易方达国证新能源电池交易型开放式指数证券投资基金2026年第1季度报告.pdf,基金前十大持仓,medium,2026-08-13,approved,2026-09-30,电池与储能重叠口径
energy_storage,储能系统（电芯/PCS/BMS/系统集成）,300014,亿纬锂能,market_representative,fund_report,易方达国证新能源电池ETF 2026年一季报,https://cdn.efunds.com.cn/owch/data/bulletin/20260422/易方达国证新能源电池交易型开放式指数证券投资基金2026年第1季度报告.pdf,基金前十大持仓,medium,2026-08-13,approved,2026-09-30,电池与储能重叠口径
energy_storage,储能系统（电芯/PCS/BMS/系统集成）,300274,阳光电源,market_representative,fund_report,易方达国证新能源电池ETF 2026年一季报,https://cdn.efunds.com.cn/owch/data/bulletin/20260422/易方达国证新能源电池交易型开放式指数证券投资基金2026年第1季度报告.pdf,基金前十大持仓,high,2026-08-13,approved,2026-09-30,
energy_storage,储能系统（电芯/PCS/BMS/系统集成）,002837,英维克,market_representative,fund_report,易方达国证新能源电池ETF 2026年一季报,https://cdn.efunds.com.cn/owch/data/bulletin/20260422/易方达国证新能源电池交易型开放式指数证券投资基金2026年第1季度报告.pdf,基金前十大持仓,medium,2026-08-13,approved,2026-09-30,温控与储能配套
energy_storage,储能系统（电芯/PCS/BMS/系统集成）,605117,德业股份,market_representative,fund_report,易方达国证新能源电池ETF 2026年一季报,https://cdn.efunds.com.cn/owch/data/bulletin/20260422/易方达国证新能源电池交易型开放式指数证券投资基金2026年第1季度报告.pdf,基金前十大持仓,high,2026-08-13,approved,2026-09-30,
energy_storage,储能系统（电芯/PCS/BMS/系统集成）,002851,麦格米特,market_representative,fund_report,易方达国证新能源电池ETF 2026年一季报,https://cdn.efunds.com.cn/owch/data/bulletin/20260422/易方达国证新能源电池交易型开放式指数证券投资基金2026年第1季度报告.pdf,基金前十大持仓,medium,2026-08-13,approved,2026-09-30,电力电子配套
energy_storage,储能系统（电芯/PCS/BMS/系统集成）,002074,国轩高科,market_representative,fund_report,易方达国证新能源电池ETF 2026年一季报,https://cdn.efunds.com.cn/owch/data/bulletin/20260422/易方达国证新能源电池交易型开放式指数证券投资基金2026年第1季度报告.pdf,基金前十大持仓,medium,2026-08-13,approved,2026-09-30,电池与储能重叠口径
energy_storage,储能系统（电芯/PCS/BMS/系统集成）,300207,欣旺达,market_representative,fund_report,易方达国证新能源电池ETF 2026年一季报,https://cdn.efunds.com.cn/owch/data/bulletin/20260422/易方达国证新能源电池交易型开放式指数证券投资基金2026年第1季度报告.pdf,基金前十大持仓,medium,2026-08-13,approved,2026-09-30,电池与储能重叠口径
energy_storage,储能系统（电芯/PCS/BMS/系统集成）,002850,科达利,market_representative,fund_report,易方达国证新能源电池ETF 2026年一季报,https://cdn.efunds.com.cn/owch/data/bulletin/20260422/易方达国证新能源电池交易型开放式指数证券投资基金2026年第1季度报告.pdf,基金前十大持仓,medium,2026-08-13,approved,2026-09-30,结构件与储能产业相关度需复核
energy_storage,储能系统（电芯/PCS/BMS/系统集成）,300763,锦浪科技,market_representative,fund_report,易方达国证新能源电池ETF 2026年一季报,https://cdn.efunds.com.cn/owch/data/bulletin/20260422/易方达国证新能源电池交易型开放式指数证券投资基金2026年第1季度报告.pdf,基金前十大持仓,high,2026-08-13,approved,2026-09-30,
robot_industry,机器人产业（本体/核心零部件/自动化）,688017,绿的谐波,market_representative,official_index,国证机器人产业指数2026-04单张,https://www.cnindex.com.cn/html2pdf/preview/jj_980022.pdf,官方指数前十大权重股,high,2026-08-13,approved,2026-12-31,
robot_industry,机器人产业（本体/核心零部件/自动化）,002472,双环传动,market_representative,official_index,国证机器人产业指数2026-04单张,https://www.cnindex.com.cn/html2pdf/preview/jj_980022.pdf,官方指数前十大权重股,high,2026-08-13,approved,2026-12-31,
robot_industry,机器人产业（本体/核心零部件/自动化）,300024,机器人,market_representative,official_index,国证机器人产业指数2026-04单张,https://www.cnindex.com.cn/html2pdf/preview/jj_980022.pdf,官方指数前十大权重股,high,2026-08-13,approved,2026-12-31,
robot_industry,机器人产业（本体/核心零部件/自动化）,688169,石头科技,market_representative,official_index,国证机器人产业指数2026-04单张,https://www.cnindex.com.cn/html2pdf/preview/jj_980022.pdf,官方指数前十大权重股,medium,2026-08-13,approved,2026-12-31,服务机器人口径
robot_industry,机器人产业（本体/核心零部件/自动化）,300432,富临精工,market_representative,official_index,国证机器人产业指数2026-04单张,https://www.cnindex.com.cn/html2pdf/preview/jj_980022.pdf,官方指数前十大权重股,medium,2026-08-13,approved,2026-12-31,
robot_industry,机器人产业（本体/核心零部件/自动化）,000967,盈峰环境,market_representative,official_index,国证机器人产业指数2026-04单张,https://www.cnindex.com.cn/html2pdf/preview/jj_980022.pdf,官方指数前十大权重股,medium,2026-08-13,approved,2026-12-31,
robot_industry,机器人产业（本体/核心零部件/自动化）,603486,科沃斯,market_representative,official_index,国证机器人产业指数2026-04单张,https://www.cnindex.com.cn/html2pdf/preview/jj_980022.pdf,官方指数前十大权重股,medium,2026-08-13,approved,2026-12-31,服务机器人口径
robot_industry,机器人产业（本体/核心零部件/自动化）,002050,三花智控,market_representative,official_index,国证机器人产业指数2026-04单张,https://www.cnindex.com.cn/html2pdf/preview/jj_980022.pdf,官方指数前十大权重股,high,2026-08-13,approved,2026-12-31,
robot_industry,机器人产业（本体/核心零部件/自动化）,300503,昊志机电,market_representative,official_index,国证机器人产业指数2026-04单张,https://www.cnindex.com.cn/html2pdf/preview/jj_980022.pdf,官方指数前十大权重股,high,2026-08-13,approved,2026-12-31,
robot_industry,机器人产业（本体/核心零部件/自动化）,002230,科大讯飞,market_representative,official_index,国证机器人产业指数2026-04单张,https://www.cnindex.com.cn/html2pdf/preview/jj_980022.pdf,官方指数前十大权重股,low,2026-08-13,candidate,2026-12-31,指数成分但机器人产业相关度需单独复核
